,locality,2005,2006,2007,2008,2009,2010,2011,2012,2013,2014,2015,growth_pa
0,abbotsford,427000,448000,602500,600000,638500,700000,704000,700000,773000,862500,925000,8.0
1,aberfeldie,534000,600000,735000,710000,775000,1046500,1003000,852500,947500,1045000,1185000,8.3
2,aireys inlet,459000,440000,430000,517500,512500,606000,680000,634000,664000,625500,677500,4.0
3,airport west,311500,320000,381000,421000,455000,570000,555500,495000,530000,573500,630000,7.3
4,albanvale,210000,210000,215000,252000,280000,320000,317000,310000,313000,326500,345000,5.1
5,albert park,681000,777000,986500,1125000,1050000,1155000,1390000,1260000,1360000,1503000,1705000,9.6
6,albion,216000,235000,262000,322500,349000,440000,400000,379500,380000,432000,472000,8.1
7,alexandra,200000,190000,207000,210000,220000,230000,255000,239000,261000,247500,285000,3.6
8,alfredton,283000,307500,300500,300000,300000,316000,333000,340000,360000,362000,340000,1.9
9,allansford,210000,240000,230000,232000,242500,250500,330000,257500,282500,242500,259000,2.1
10,alphington,552500,687500,740000,804000,832500,1000000,992500,1000000,1107500,1028000,1271500,8.7
11,altona,330000,370000,416000,480000,499000,627000,510000,555000,570000,645000,715000,8.0
12,altona east,295000,310000,391500,412500,435000,560000,528000,550000,552000,607500,656000,8.3
13,altona meadows,232000,252000,280000,310000,346500,386000,395000,375000,385000,413000,439000,6.6
14,altona north,277000,290000,355000,401000,417000,515000,520000,487500,510000,553500,637500,8.7
15,anglesea,391000,410000,445000,455000,516500,580000,600500,595000,550000,612500,637000,5.0
16,apollo bay,350000,360000,415000,362500,430000,435000,495000,432500,450000,460000,435000,2.2
17,ararat,148000,145000,148500,145000,159500,174500,169000,165000,179500,201000,210000,3.6
18,ardeer,206000,214500,234000,275500,312000,382500,360000,342000,330000,360000,381500,6.4
19,armadale,801000,900000,1250000,1415000,1605000,1690000,1546500,1505000,1651000,1750000,2160000,10.4
20,armstrong creek,319416,319416,319416,319416,319416,319416,205000,362500,467500,441500,440000,
21,arthurs seat,370000,275000,385000,442500,410000,470000,662500,715000,480000,705000,820000,8.3
22,ascot (bendigo),285000,263000,270000,275000,279000,330000,322000,350000,349500,339000,350000,2.1
23,ascot vale,425000,480000,600000,667000,622500,750000,734000,700000,742500,809500,880500,7.6
24,ashburton,517500,600000,811500,809000,787500,983500,890000,870000,993000,1200000,1452500,10.9
25,ashwood,381000,434000,573000,604000,640000,745500,750000,682000,775000,884000,1140000,11.6
26,aspendale,365000,400000,500000,507500,547500,640000,626500,607500,620000,690000,790500,8.0
27,aspendale gardens,377000,385000,435000,475000,497500,581000,550000,552000,586500,632000,715000,6.6
28,attwood,291000,359500,365000,440000,485000,576000,592000,500000,537500,515000,601500,7.5
29,avenel,184000,190000,206000,172500,212500,268500,221500,230500,231000,302000,245000,2.9
30,avoca,133500,130000,134000,167000,133000,144000,151000,181500,182500,174500,185000,3.3
31,avondale heights,315000,330500,367500,440000,460000,576000,538000,536000,530000,565000,650000,7.5
32,avonsleigh,265000,270000,255000,318000,309000,321500,385500,345000,420000,355000,403000,4.3
33,bacchus marsh,228000,235000,248000,255000,278000,305000,328000,325000,335500,348000,354000,4.5
34,badger creek,201000,215000,234500,234500,266500,295000,295000,295000,315000,325000,345000,5.6
35,bairnsdale,195500,200000,208000,210000,219000,230000,235000,231000,235000,242500,245000,2.3
36,balaclava,495000,540000,683000,782500,750000,916000,793500,717500,856000,943500,1033000,7.6
37,balcombe,450500,453000,476000,520000,539000,660000,725000,686000,712500,742500,870500,6.8
38,ballan,200000,202500,200000,220000,250000,260000,310000,307500,352000,330000,359000,6.0
39,ballarat central,227000,227500,235000,240000,251000,280000,317500,313500,323000,330000,350000,4.4
40,ballarat east,177500,175000,190000,195000,206000,225000,245000,255000,264500,265000,275000,4.5
41,ballarat north,217000,208000,222000,215000,230000,272000,275000,280000,296000,312000,312500,3.7
42,balnarring,290000,281500,332500,385000,388500,474000,472500,501000,525000,545000,590000,7.4
43,balnarring beach,470000,460000,635000,709000,710000,787500,630000,660000,750000,700000,887500,6.6
44,balwyn,746500,845000,1101000,1165000,1278500,1445000,1361000,1300000,1522500,1775000,2200000,11.4
45,balwyn north,605000,697000,895000,900000,980000,1134500,1100000,999000,1240000,1451000,1850000,11.8
46,bandiana,108000,117000,117000,369500,365000,347500,367000,345500,339000,355000,377500,13.3
47,bannockburn,300000,296000,273500,286000,301500,342500,378000,351500,370000,405000,385000,2.5
48,baranduda,280000,268000,292000,327000,312000,353000,340000,340000,345000,327500,322000,1.4
49,barwon heads,376000,420000,463000,490000,500000,612000,607500,632500,747500,710000,771000,7.5
50,baxter,215000,207500,226000,250000,280000,317000,320000,315000,330500,325000,338000,4.6
51,bayswater,270500,285000,329000,350000,370000,450000,449000,426500,457000,525000,627000,8.8
52,bayswater north,274000,285000,330000,350000,371500,448500,433500,426500,470000,490000,580000,7.8
53,beaconsfield,328000,360000,360000,380000,415000,460000,498500,511500,483000,525000,558000,5.5
54,beaconsfield upper,322500,339500,405000,360000,373500,472000,437500,535000,470000,507500,606500,6.5
55,beaufort,113500,126000,154000,147500,167500,174500,142500,186000,187500,220000,207000,6.2
56,beaumaris,667500,750000,890000,945000,918500,1110000,1050000,980000,1074000,1125000,1372500,7.5
57,beechworth,231500,265000,315000,264000,250000,310500,320000,305000,295000,295000,332000,3.7
58,belgrave,262500,280000,307500,334000,370000,380000,375000,390000,410000,426000,482500,6.3
59,belgrave heights,287500,336000,335000,337500,363500,425000,382000,399000,430000,480000,595000,7.5
60,belgrave south,275000,355000,367500,369000,340000,490000,475000,447500,548000,541000,555500,7.3
61,bell park,218000,226000,225000,237000,256500,298000,312500,291000,315000,323500,340000,4.5
62,bell post hill,230000,230000,250000,245000,273500,310000,320000,328000,328000,333500,344500,4.1
63,bellbridge,250000,270000,253000,250000,290000,316500,280000,318000,297500,355000,285000,1.3
64,bellfield (greater melbourne),305000,305000,373500,408000,459500,574000,550500,510000,500500,589000,700000,8.7
65,belmont,240000,245000,260000,265000,290000,338000,345000,350000,360000,363000,395500,5.1
66,benalla,185000,206000,203000,210000,210000,220000,225000,218000,228000,235500,223000,1.9
67,bendigo,200000,229500,254000,232000,235000,295000,290000,335000,340000,375000,355000,5.9
68,bentleigh,502000,535000,720000,714000,742500,905000,875000,820000,900000,1050000,1216500,9.3
69,bentleigh east,401500,445000,565500,595000,630500,760000,720000,680000,750000,849000,993500,9.5
70,berwick,292000,308000,330500,350000,382500,450000,440000,450000,452500,488000,535000,6.2
71,beveridge,280000,280000,266500,266500,266500,522500,416500,412500,396000,422500,422500,4.2
72,birchip,70000,75000,50000,80000,62000,67500,77000,87500,120000,90000,121500,5.6
73,birregurra,172000,176500,209000,246500,250000,230000,260000,274000,255000,337500,302500,5.8
74,bittern,230000,247500,267000,285000,302000,347000,365000,391000,402000,390000,380000,5.1
75,black hill,229000,204000,204000,213500,243500,263500,292000,260000,283500,321500,291500,2.4
76,black rock,790000,900000,1030000,1042500,1236500,1390000,1237500,1182500,1225000,1400000,1577500,7.2
77,blackburn,422500,453000,626500,605000,700000,850000,771000,750000,860500,936000,1190000,10.9
78,blackburn north,362000,385000,490000,499000,540000,650000,617000,609000,692000,790000,920000,9.8
79,blackburn south,380000,401000,495000,510000,545000,670000,639000,632000,700000,780000,920000,9.2
80,blackwood,189000,172000,195000,220000,261500,260000,263000,245000,310000,266000,260000,3.2
81,blairgowrie,350000,395000,440000,463000,520000,625000,600000,580000,609000,630000,620000,5.9
82,blind bight,235000,235000,257000,270000,321000,337500,358000,319000,362500,343000,401000,5.5
83,bonbeach,365500,416500,442500,491000,505000,585000,552500,540000,577500,630000,700000,6.7
84,bonnie doon,190000,160000,168000,147000,182500,210000,211500,260000,250000,275000,285000,4.1
85,boolarra,162500,149500,166500,150000,172000,178000,209000,190000,196500,260000,212500,2.7
86,boort,110000,127000,122500,102500,106000,157500,164000,107000,157500,162500,130000,1.7
87,boronia,270000,282500,323000,340500,380000,450000,437000,430000,459500,500000,587000,8.1
88,botanic ridge,4731000,367000,502500,305000,472500,520000,487500,500000,493500,519000,564000,
89,box hill,487000,573000,651000,730000,780000,874000,920000,825000,870000,1160000,1500000,11.9
90,box hill north,396000,417500,545000,567000,602500,726000,683000,648500,745000,858000,1056000,10.3
91,box hill south,400000,445000,576000,585000,601000,817000,765000,715000,785000,907500,1153000,11.2
92,braybrook,220000,226000,283000,341000,375000,447500,439000,396000,424500,478500,550000,9.6
93,breakwater,194000,179500,199000,210000,227000,251500,252500,242500,255000,251500,267500,3.3
94,briagolong,155000,141000,170000,172000,180000,205000,225000,215000,226000,200000,215000,3.3
95,briar hill,341000,363500,382000,410000,450000,575000,545500,541500,575000,627000,681000,7.2
96,bridgewater on loddon,130000,235000,133000,146500,160000,230000,160000,175000,172500,197500,245000,6.5
97,bright,271000,250000,265000,240000,297500,311500,325000,340000,315000,349500,392500,3.8
98,brighton,1100000,1242500,1600000,1550000,1685000,1800000,1735000,1787500,1786000,1905000,2272500,7.5
99,brighton east,712000,767500,960000,980000,1070000,1255000,1100000,1073000,1227500,1300500,1600000,8.4
100,broadford,190000,199000,210000,210000,223000,250000,259500,268500,290000,267000,267500,3.5
101,broadmeadows,205000,207000,225000,270000,320000,390000,357000,320000,325000,345000,370500,6.1
102,brookfield,269000,260000,264000,277500,307500,333500,341000,332000,330000,350500,340000,2.4
103,brooklyn,265000,269000,319500,400000,400000,480000,485000,470000,491000,540000,598500,8.5
104,brown hill,185000,215000,197000,200000,228000,257500,258500,300000,310000,286500,270000,3.9
105,brunswick,395000,425000,525000,540000,605000,692500,640000,658000,720000,806000,860000,8.1
106,brunswick east,386500,420000,510000,565000,630000,693000,695000,710000,750000,819500,888000,8.7
107,brunswick west,394500,418000,558000,547500,600000,717500,695000,650000,745000,790000,862500,8.1
108,bulleen,410000,475500,595000,640000,640000,726000,720000,707000,780000,860000,1054000,9.9
109,bundalong,254000,290000,350000,305000,430000,390000,500000,385000,337500,336500,370000,3.8
110,bundoora,295000,320000,360000,383500,413000,500000,489000,480000,530000,553500,600000,7.4
111,buninyong,243000,252500,229000,249000,270000,322500,307500,376500,349000,385000,359000,4.0
112,bunyip,211000,255000,275000,280000,282500,290000,342500,342500,332500,325000,420000,7.1
113,burnley,471500,467500,592500,551000,757500,800000,810000,800000,836000,1100000,999000,7.8
114,burnside,274000,280000,285000,310000,345000,395000,410000,385000,390000,401000,420000,4.4
115,burnside heights,308000,285000,305000,320000,350000,405000,405000,418500,427000,442500,457500,4.0
116,burwood,447500,480000,610000,651000,658000,778000,789000,765000,780000,921000,1188000,10.3
117,burwood east,370000,390500,500000,510500,570000,678000,630000,617000,685000,780000,980000,10.2
118,cairnlea,330000,335000,327000,360000,390000,463000,478500,440000,480000,545000,565500,5.5
119,california gully,175000,178000,178000,196000,209000,209500,240000,255000,252500,262000,256500,3.9
120,camberwell,732000,850000,1036500,1010000,1151000,1323000,1316000,1300000,1383500,1650000,1916500,10.1
121,campbellfield,248000,245000,264000,286000,320000,380000,360000,330000,330000,338000,374000,4.2
122,campbells creek,205000,242500,210000,225000,247500,316000,340000,343500,379000,345000,384000,6.5
123,camperdown,162500,166000,188500,180000,177000,185000,180000,183500,220000,186000,218000,3.0
124,canadian,237000,195000,233500,254000,253000,291500,298000,290000,325000,297000,339500,3.7
125,canterbury,1006000,1200000,1575000,1605000,1675000,1816000,1730000,1790000,1950000,2100000,2481500,9.4
126,cape paterson,266500,277000,270000,305000,312000,332500,420000,348000,337000,332000,350000,2.8
127,cape schanck,352500,431000,379000,380000,520000,545000,477500,655000,620000,557500,655000,6.4
128,cardigan village,175000,206000,185000,293500,223500,328500,280000,362000,312500,265000,415000,9.0
129,carisbrook,157000,155000,145000,150000,151000,205500,134500,192500,218500,238500,200000,2.5
130,carlton,455000,493000,785000,740000,631500,840000,857000,707000,880000,957000,1201000,10.2
131,carlton north,540000,597000,735000,715000,785000,930500,831000,940000,890500,1095000,1177500,8.1
132,carnegie,493000,575000,723000,717500,776000,870000,900000,836000,863000,995000,1263500,9.9
133,caroline springs,285000,295000,310000,325000,364000,408500,420000,427500,435000,460000,480000,5.4
134,carrum,305000,320500,380000,450000,435000,500000,497000,499000,516000,535000,605500,7.1
135,carrum downs,230000,240000,256500,275000,297000,330000,345000,334500,330000,346500,370000,4.9
136,casterton,90000,106000,93000,115000,101500,117500,106500,110000,97500,99000,100000,1.1
137,castlemaine,217500,225000,219500,245000,255000,300000,322500,338000,372500,369500,380000,5.7
138,caulfield,640000,720000,910000,912500,926000,1180000,1125000,1067500,1172500,1322000,1650000,9.9
139,caulfield east,490000,502500,710000,727500,818000,862500,760000,750000,845000,1168000,1165000,9.0
140,caulfield north,780000,917500,1120000,1160000,1180000,1400000,1300000,1320000,1401000,1487500,1867500,9.1
141,caulfield south,575000,642500,850000,821000,850000,1004000,903500,890500,1050000,1200000,1375000,9.1
142,chadstone,357500,405000,494000,549000,570000,660000,626000,595000,711000,821500,939000,10.1
143,charlton,109500,91500,100000,129000,89000,125000,117000,123000,120000,131000,179500,5.1
144,chelsea,332000,355000,415000,431500,470000,585000,525000,545000,577500,580000,730000,8.2
145,chelsea heights,307000,305500,356000,385000,405500,445000,454000,440000,465000,513000,600000,6.9
146,cheltenham,389500,440000,520000,585000,583500,694000,640000,635000,692500,776000,890000,8.6
147,cheltenham east,370000,400000,468000,501500,533000,630000,580000,545000,600000,670000,770000,7.6
148,cheltenham north,352500,367500,490500,530000,550000,656500,581500,572500,584000,665000,750000,7.8
149,chewton,207500,175000,222500,175000,220000,258000,255000,230500,312500,296000,369000,5.9
150,chiltern,178000,195000,177500,179000,227000,189000,202000,208000,171500,187500,220000,2.1
151,chirnside park,305000,320000,355000,370000,403500,449500,464000,435000,450000,480000,555500,6.2
152,chum creek,225000,230000,290000,355000,290000,400500,402000,334000,350000,500000,435000,6.8
153,churchill,120000,125000,130000,137000,150000,172000,170000,176500,182500,175000,172500,3.7
154,clarinda,320000,330000,395500,448500,476000,530000,530000,475500,525000,606500,670000,7.7
155,clayton,331500,358500,433500,510000,557500,650000,600000,572500,643000,750000,978000,11.4
156,clayton north,381500,403000,500000,600000,580000,745500,650000,640000,635000,850000,1007500,10.2
157,clayton south,300000,313000,380000,425000,463000,551000,511000,467500,520000,580000,662500,8.2
158,clifton hill,492500,532500,697500,670000,715000,820000,780000,801500,865000,962500,1080000,8.2
159,clifton springs,244500,250000,259000,265000,278000,318000,340000,325000,335500,340000,345000,3.5
160,clunes,147500,137000,165000,163000,164000,187500,199000,196500,219000,237500,245000,5.2
161,clyde,222000,287500,285000,340000,340000,361500,515000,272500,397000,406000,393500,5.9
162,clyde north,4511000,530000,530000,530000,530000,530000,300000,395000,409000,380000,377000,
163,cobden,165000,181000,170000,180000,180000,210000,200000,186500,162500,145000,177000,0.7
164,cobram,182500,207000,219000,225000,225000,213500,205000,220000,218500,230000,235000,2.6
165,coburg,365000,379500,472000,516000,530000,640000,607500,592000,632500,710000,775000,7.8
166,coburg east,300000,331000,390000,391500,469000,540000,510000,466500,560000,599000,690000,8.7
167,coburg north,285000,312000,370000,419000,453000,530000,535000,489500,540000,590000,665000,8.8
168,cockatoo,220000,250000,260000,275000,290000,312000,325000,332000,353500,365000,385500,5.8
169,cohuna,130000,144000,140000,144500,161500,141000,170000,140000,139000,175000,180000,3.3
170,colac,180000,190000,200000,195000,205000,214000,215000,225000,226500,232500,248000,3.3
171,coldstream,250000,265000,290000,312000,338500,392500,377500,368000,385000,405000,441000,5.8
172,coleraine,107500,93500,117500,110000,120000,95000,124000,109500,118000,95000,100000,-0.7
173,collingwood,419000,435000,566500,540000,600500,751500,697500,723000,706000,770000,920000,8.2
174,connewarre,255000,250000,275000,275000,690000,850000,707500,810000,690500,807500,800000,12.1
175,coolaroo,195000,200000,200000,220000,265000,315000,304000,278000,290000,290000,302500,4.5
176,coonans hill,355000,370000,468000,500000,566000,690000,630000,606500,655000,739000,743000,7.7
177,corinella,226000,250000,210000,265000,277000,325000,282500,290000,347500,267000,346500,4.4
178,corio,165000,170000,175000,178000,196500,225000,225000,230000,230000,242000,240000,3.8
179,coronet bay,175000,179000,180500,217500,205000,245000,261500,222500,251000,249000,240000,3.2
180,corryong,110000,148000,133500,140000,142500,128000,155000,152500,166500,135000,155000,3.5
181,cowes,322500,320000,304000,365000,355000,390000,388500,380000,387500,360000,415000,2.6
182,cowes west,246000,257000,265000,290000,277500,316500,350000,345000,320000,350000,329500,3.0
183,craigieburn,240000,249000,265000,280000,327000,365000,360000,350000,355000,360000,390000,5.0
184,cranbourne,208000,218000,242000,265000,280000,326500,325000,313000,315000,331500,355000,5.5
185,cranbourne east,260000,265000,275000,290000,329000,353000,368500,370000,390000,410000,439500,5.4
186,cranbourne north,227000,230000,246500,275000,320000,355000,362000,368000,370000,378000,420000,6.3
187,cranbourne west,215500,225000,239000,256000,282000,310000,319000,320000,330000,330500,349500,5.0
188,cremorne,442000,440000,586000,605500,682000,835000,732500,701000,800000,870000,1000000,8.5
189,creswick,184000,182000,186500,200000,196500,214000,223000,247500,245000,270000,263000,3.7
190,crib point,221000,225000,240000,255000,275000,345000,320000,345000,355000,338000,347500,4.6
191,croydon,285000,294000,352500,368000,396500,465000,465000,450000,470000,525000,605000,7.8
192,croydon hills,347500,365000,420000,443500,475500,549500,532000,538000,571500,606000,700000,7.3
193,croydon north,340500,347000,395000,421500,467000,525000,505500,520000,540500,600000,700000,7.5
194,croydon south,284500,280000,318500,360000,391000,455000,435500,436500,442000,530000,600000,7.7
195,curlewis,747833,747833,747833,220000,220000,220000,220000,220000,386000,382500,375000,
196,dallas,195000,191500,209000,230000,290000,320000,306000,276500,280000,295000,321500,5.1
197,dandenong,235000,255000,290000,334500,345500,427500,395000,400000,407500,435000,490000,7.6
198,dandenong north,235500,250000,275000,310000,340000,400000,395000,370000,390000,413500,481000,7.4
199,darley,236000,230000,249000,232000,257500,330000,318500,340500,330500,360000,379000,4.9
200,daylesford,260000,277000,256000,270000,290000,370000,351500,384500,385000,400000,440000,5.4
201,deepdene,940000,1060000,1435000,1287500,1780000,1930000,2046500,1875000,1981000,2200000,2720000,11.2
202,deer park,219000,215000,230500,265000,306500,355000,356000,345000,348000,365000,390000,5.9
203,delacombe,217500,227000,232500,229500,263500,264000,279500,288500,280000,295000,290000,2.9
204,delahey,245000,240000,264500,280000,310000,365000,370000,360000,372500,370000,399000,5.0
205,dennington,226500,249500,285000,305000,280000,329000,349000,323500,320000,315000,345000,4.3
206,derrimut,295000,355000,330000,330000,368500,392500,419000,407000,417000,435000,468000,4.7
207,diamond creek,338000,345000,400000,415000,440500,510000,517500,490000,513000,550000,580000,5.5
208,diggers rest,202500,208000,200000,221500,240000,266500,285000,279000,280000,320000,322500,4.8
209,dimboola,87500,83500,85000,79000,92500,85500,107500,90000,89000,90500,109500,2.3
210,dingley village,345000,365000,415000,435000,469500,553000,540000,515000,555000,607000,690000,7.2
211,dinner plain,307500,290000,322500,560000,455000,475000,450000,410000,390000,309000,359000,1.6
212,don valley,239500,197500,308000,277000,387000,372500,295000,300000,415000,412500,387500,4.9
213,donald,95000,117500,88000,100000,92500,135000,165000,104000,140000,120000,125000,2.8
214,doncaster,425000,475000,590000,616000,685000,788000,765000,720000,850000,991000,1255000,11.4
215,doncaster east,416000,453000,549000,569000,628500,750000,720000,685000,789000,893500,1100000,10.2
216,donvale,415000,434000,517000,562500,603000,707500,712500,681000,738000,842500,975500,8.9
217,doreen,245000,352000,375000,369000,375000,430000,460000,450000,415000,430000,450000,6.3
218,doveton,180000,175500,210500,240000,270000,330000,322000,290000,302000,311500,348000,6.8
219,dromana,282000,310000,342000,362500,385000,446500,458500,450000,465500,491000,551000,6.9
220,drouin,199000,212500,210000,220500,243000,276000,289000,290000,300000,311000,320000,4.9
221,drumcondra,625000,420000,554000,486000,514000,715500,800000,744000,802500,742000,760000,2.0
222,drysdale,256500,257500,289000,270000,306000,356000,420500,360000,385000,399000,414500,4.9
223,dunkeld,150000,200000,165000,140000,210000,180000,245000,179000,210000,170000,187500,2.3
224,dunolly,115000,129500,135000,137500,132500,120000,142500,159000,182500,170000,167500,3.8
225,eagle point,240000,205500,275000,242000,239000,236000,301500,233500,227000,281500,335000,3.4
226,eaglehawk,186500,195000,190000,197000,215000,225000,240000,260000,264000,274500,283000,4.2
227,eaglemont,797500,850000,916500,1198000,1453500,1360000,1500000,1343500,1340000,1522500,1714000,8.0
228,east bairnsdale,160000,185000,162500,175000,195000,195000,176500,190000,226000,160000,199000,2.2
229,east bendigo,214000,217500,235000,217000,225500,254000,266000,295000,285000,330000,300000,3.4
230,east geelong,250000,261000,316000,318000,334000,400000,402500,395000,450000,426000,440000,5.8
231,east melbourne,1285000,1145000,1525000,1650000,1510000,1621000,1550000,2540000,1790000,1875000,2100000,5.0
232,east warburton,187000,196500,253500,262000,250000,285000,330000,282500,289500,275000,305000,5.0
233,eastwood,290000,295000,292500,320000,310000,330000,334000,332000,335000,342000,332500,1.4
234,echuca,232500,244000,250000,245000,255000,265000,278000,270000,283500,285000,300000,2.6
235,edenhope,126500,120000,150000,167500,83000,132500,100000,106000,160000,130000,112500,-1.2
236,edithvale,350000,390000,465000,483500,485000,612500,590000,622500,615000,670000,765000,8.1
237,eildon,140000,150000,149500,152000,176000,190000,180000,185000,210000,205000,208500,4.1
238,elliminyt,199000,220000,240500,276500,256500,335000,260000,323000,332000,314000,318000,4.8
239,elmore,138500,112500,130000,122500,162000,173000,188000,160000,167000,176000,200000,3.7
240,elsternwick,675000,758500,970000,866000,985000,1240000,1200000,1108000,1357500,1315000,1574000,8.8
241,eltham,390000,425500,463500,503000,522000,610000,630000,591500,631500,670000,750000,6.8
242,eltham north,402000,400000,477500,506000,499500,621000,627000,580500,621000,680000,743000,6.3
243,elwood,752500,795000,1007500,1055000,1110000,1325000,1150000,1255000,1300000,1400000,1605000,7.9
244,emerald,308000,306500,321500,347000,372500,435000,415000,410500,440000,455000,502000,5.0
245,endeavour hills,259000,267500,294500,325500,355000,400000,400000,390000,400000,433500,496500,6.7
246,epping,260000,260000,285000,305000,342000,380000,385000,365000,366500,386500,400000,4.4
247,epsom,246500,256000,260000,250000,260000,275000,325000,315000,322500,342500,340000,3.3
248,essendon,510000,540000,712000,749000,780000,925000,875000,910000,860000,926500,1180500,8.8
249,essendon north,418000,410000,469000,590000,651000,815500,690000,686000,725000,840000,804000,6.8
250,essendon west,427500,409000,520000,625000,680000,730000,742500,720000,720000,785000,920000,8.0
251,eumemmerring,209000,238500,230000,290000,320000,376000,350500,327500,353000,365000,402000,6.8
252,eureka,207000,195500,197500,195000,241000,245000,257500,237000,243500,238500,247500,1.8
253,euroa,160000,158000,170000,182000,170000,167000,185000,215000,208000,230000,235500,3.9
254,eynesbury,1601500,1601500,191000,248000,525000,295000,360000,400000,390500,390000,403500,
255,fairfield,460000,518500,680000,654000,677500,810000,783500,820000,900000,930000,1110000,9.2
256,fairhaven,510000,635000,635000,755000,725000,866000,715000,990000,785000,955000,782000,4.4
257,fawkner,261000,258000,300500,344000,381500,460000,439000,408000,409500,443000,510000,6.9
258,ferntree gully,272000,290000,318000,348500,379500,449000,430000,428500,451000,505000,591000,8.1
259,ferny creek,365000,310000,400000,459000,475000,580000,525000,456000,497500,492500,621000,5.5
260,fingal,330000,246000,642000,485000,520000,515000,700000,600000,677500,730000,855000,10.0
261,fitzroy,513500,600000,712000,744000,780000,801000,920000,849500,890000,1105000,1295000,9.7
262,fitzroy north,490000,555500,685000,720000,740000,900000,852500,840000,945000,1010000,1149500,8.9
263,fiveways,241500,290000,243500,246000,320000,310000,290000,343500,355000,315000,380000,4.6
264,flemington,386000,400000,512500,556000,580500,670000,657000,652000,741000,730000,822500,7.9
265,flinders,526500,705000,655000,680000,655000,760000,822000,710000,730000,808000,825000,4.6
266,flora hill,220000,225500,232000,234500,225000,267000,285000,309000,310000,323500,321000,3.9
267,footscray,314500,340000,410000,440000,505000,555000,552500,565000,593500,645000,688500,8.2
268,forest hill,350000,360000,475000,465000,503000,615000,560000,564000,650500,720500,890000,9.8
269,forrest,166000,200000,200000,110000,260000,175000,220000,202500,217500,300000,240000,3.8
270,foster,200000,233000,205000,245000,222000,265000,265000,270000,298000,315000,325000,5.0
271,frankston,237500,245500,280000,303000,315000,366000,357500,338000,350000,372000,426000,6.0
272,frankston north,169000,175500,210000,227000,237000,280000,277000,245000,255000,269000,297000,5.8
273,frankston south,343500,353000,395000,423000,453000,525000,530000,510000,535000,555000,607000,5.9
274,garden city,555000,622500,800000,896000,900000,1062500,912500,965000,1055000,1055000,1320000,9.1
275,garfield,235000,238000,227000,270000,275000,345000,340000,335000,405000,355000,370000,4.6
276,geelong,334000,319000,352000,360000,382000,462500,495500,462500,500000,511500,599000,6.0
277,geelong west,256500,264000,298000,322500,345000,385000,405000,410000,440000,469000,490000,6.7
278,gembrook,229000,255000,270000,305000,300000,340000,385000,349000,344000,400000,440000,6.7
279,gisborne,270000,280000,310000,327500,361000,400000,435000,429500,495000,510000,549000,7.4
280,gladstone park,265000,270500,285000,324500,354000,426500,385000,380000,392500,400000,460000,5.7
281,glen huntly,510000,490000,827000,740000,835500,917500,805000,792500,955000,1135000,1243000,9.3
282,glen iris,702000,790000,969500,1000000,1007000,1320000,1191500,1200000,1310000,1500000,1802000,9.9
283,glen waverley,419000,450000,580000,600000,660000,735000,710000,720000,815000,958000,1218000,11.3
284,glengarry,168000,204000,209000,187000,225000,250000,231000,232000,232500,283000,286000,5.5
285,glenroy,275000,280000,319000,375000,420000,506000,452500,439000,453000,499000,558000,7.3
286,golden beach,125000,158500,150000,172000,152500,150000,229000,206000,169500,172500,180000,3.7
287,golden point (ballarat),181000,187500,197500,197000,210000,250000,258000,250000,265000,265000,258000,3.6
288,golden square,200000,201500,214500,212500,223000,261000,270000,287000,295000,305000,305000,4.3
289,gordon,198000,190000,215500,230000,262500,290000,300000,229500,278000,303000,297500,4.2
290,goughs bay,159000,185000,174000,175000,183000,193000,180000,220000,257500,247500,265000,5.2
291,gowanbrae,300500,360000,360000,414500,450000,535000,555500,467500,616500,560000,581000,6.8
292,grantville,226000,180000,185000,198500,218000,254000,235000,245000,220000,255000,252500,1.1
293,green lake,183000,162500,157500,205000,230000,230000,247500,247500,260000,254500,281500,4.4
294,greensborough,334500,356500,391500,405000,440000,530000,513500,490000,534500,573000,635000,6.6
295,greenvale,390000,400000,405000,427500,476000,517500,540000,537000,550000,539000,540000,3.3
296,grovedale,252500,253000,267500,285000,292000,335000,345000,340000,352000,362000,370000,3.9
297,hadfield,281500,283000,325000,375500,418500,530000,482000,430000,453000,500000,551500,7.0
298,hallam,238000,243000,265000,308000,329000,365000,360000,360000,364000,382000,424000,5.9
299,halls gap,244000,260000,233000,315000,230000,257500,255000,233500,184500,224500,245000,0.0
300,hamilton,189500,194500,193500,205000,190000,206500,217500,194000,195000,200000,200000,0.6
301,hamlyn heights,236000,228500,240000,272500,295000,345000,348500,339000,363500,366500,384000,5.0
302,hampton,676500,845000,1080000,1060000,1100000,1268000,1250000,1200000,1270000,1337500,1623000,9.1
303,hampton east,443500,485000,655000,639000,654500,812500,745000,730000,770000,862500,1025000,8.7
304,hampton park,220000,220500,248500,270000,295000,333000,335000,320000,330000,337500,370000,5.3
305,harcourt,175000,195000,185000,227000,214000,350000,254000,294000,292000,358000,295000,5.4
306,harkaway,270000,315000,324000,357500,389000,440000,490000,522500,552500,502500,550000,7.4
307,hastings,219000,225000,260000,280000,300000,355000,350000,345000,345000,368000,365000,5.2
308,hastings west,178000,170000,186500,230000,229500,268500,272000,275000,280000,277000,299000,5.3
309,hawthorn,714000,840000,1105000,1295000,1159500,1275000,1259000,1383500,1553500,1592500,1932500,10.5
310,hawthorn east,672000,837500,1100000,1007500,1128500,1392500,1190000,1296500,1110000,1554000,1800000,10.4
311,healesville,239000,250000,295000,312500,312500,357500,380000,380000,385000,400000,450000,6.5
312,heathcote,165000,163500,151500,150000,190000,217000,210000,220000,227500,260000,240000,3.8
313,heatherton,468500,453000,498500,575000,569000,625000,632000,630000,630000,712000,771000,5.1
314,heathmont,315500,332500,370500,417000,435000,538000,508000,525000,589000,638000,763000,9.2
315,heidelberg,453500,485000,600000,632500,682000,820000,767500,750000,780000,850000,1035000,8.6
316,heidelberg heights,324500,330000,385000,400000,460500,552000,537500,500000,536000,580000,670000,7.5
317,heidelberg west,255000,260000,320000,331500,372000,477500,420000,400000,425500,464000,580000,8.6
318,hepburn,223500,222500,240000,270000,315000,317000,310000,275000,291000,330000,395000,5.9
319,hepburn springs,256000,250000,257500,261000,343500,298500,308000,310000,340000,350000,375000,3.9
320,herne hill,225000,222500,238500,250000,280000,322000,325000,321000,350000,357000,368500,5.0
321,heyfield,102000,129000,119500,144500,155000,155000,175000,171500,200000,180000,182500,6.0
322,heywood,125000,162500,160000,138000,149000,172000,167500,153000,142000,150000,173000,3.3
323,highett,415500,455000,575000,602000,647500,743000,710000,675000,746000,850000,991000,9.1
324,highton,320000,340000,340000,342500,385000,435000,450000,460000,479000,510000,505000,4.7
325,hillside (melton),287500,280000,306000,320000,355000,418500,410000,420000,430000,441500,471000,5.1
326,hopetoun,55000,76500,85000,75000,73500,63000,55500,81000,88000,95500,75000,3.2
327,hoppers crossing,227000,225000,235000,260000,283000,327500,327500,312500,322000,340000,365000,4.9
328,horsham,170000,170000,175000,180000,175500,186000,210000,220000,215000,215000,240000,3.5
329,hughesdale,420000,478500,617000,617500,671000,838000,725000,741000,817500,856000,1165000,10.7
330,huntingdale,331000,370000,514500,500000,560000,642500,610000,590000,659000,728000,855500,10.0
331,huntly,230000,242000,226000,200000,261000,269500,250000,255000,337500,325000,356500,4.5
332,hurstbridge,321000,332000,366500,377500,402000,491000,457500,445000,482000,482000,547500,5.5
333,indented head,248500,278500,293000,305000,321500,360000,347000,425000,390000,384000,380000,4.3
334,inglewood,98000,100000,115000,120000,130000,170000,208500,186500,160000,145000,200000,7.4
335,inverleigh,185000,182500,235000,230000,235000,230000,327500,246500,319500,321500,355000,6.7
336,inverloch,287500,292500,318000,332000,379000,422500,450000,422500,429000,440000,425000,4.0
337,invermay park,305000,300000,320000,285000,305000,337500,363500,370000,378000,387000,405000,2.9
338,ironbark,205000,197500,194500,251000,226500,232000,287000,280000,276000,280000,319000,4.5
339,irymple,215000,220000,227500,208000,215000,213500,228000,215000,248000,228500,269000,2.3
340,ivanhoe,575000,602500,755500,815000,791000,1025000,1035500,927500,1080000,1203000,1286000,8.4
341,ivanhoe east,738500,782000,970000,1177500,958000,1415000,1295000,1200000,1310000,1513000,1550000,7.7
342,jacana,205000,214000,220000,275000,315000,391000,342500,310500,334000,345000,374500,6.2
343,jackass flat,232500,180000,229000,229000,262000,275000,255000,357500,287500,360000,333500,3.7
344,jamieson,168000,183500,177000,191500,193500,242500,218000,267500,205000,222500,252000,4.1
345,jan juc,370000,358000,429500,482500,467000,542500,590000,570000,557500,595000,620000,5.3
346,jeeralang north,110000,120000,115000,107500,161500,152000,129000,159500,145500,187000,175000,4.8
347,jeparit,75000,74000,75000,59500,66500,66000,101500,59000,80500,63000,89000,1.7
348,jolimont,1750000,2108000,1950000,1500000,2180000,2300000,1660000,2700000,2625000,2762500,2350000,3.0
349,junction village,205000,200000,232500,256500,276500,314500,287500,300000,312000,320000,370000,6.1
350,junortoun,182000,259000,360000,369000,431500,420000,430000,465000,490000,508500,395000,8.1
351,kalimna,255000,210000,247000,224000,266500,265000,312500,268000,230000,285000,293500,1.4
352,kallista,292500,315000,355000,380500,410000,450000,482000,452500,425000,465000,523000,6.0
353,kalorama,309500,290000,337500,372500,350000,442500,440000,420000,442500,451000,496000,4.8
354,kangaroo flat,207500,220000,217000,220000,233000,251000,269500,284500,292000,300000,304000,3.9
355,kangaroo ground south,436500,420000,446000,482500,515000,679500,606500,631000,600000,655000,650000,4.1
356,kaniva,68000,90000,88500,88500,96000,94000,90000,79000,75000,87500,100000,3.9
357,kealba,237500,238000,269000,295000,313500,385500,372500,375000,370000,390000,400000,5.4
358,keilor,396500,390000,450000,498000,510000,603000,570000,580000,572500,633000,703000,5.9
359,keilor downs,266500,275000,295000,320500,370000,423000,405000,400000,400000,429000,493000,6.3
360,keilor east,331000,329000,374000,410000,454000,580000,585000,527500,560000,599000,655000,7.1
361,keilor lodge,393500,320500,338000,386000,415000,460000,520000,480000,490000,500000,555500,3.5
362,keilor park,318000,305000,326000,360000,407500,514500,500000,480000,455000,510000,564000,5.9
363,kennington,230000,230000,244000,225000,263000,293500,305000,300000,351500,345000,335000,3.8
364,kensington,400000,435000,520000,514000,570000,672500,647500,649000,690000,730000,835000,7.6
365,kerang,118000,157500,140000,144000,147500,147500,146000,150000,148500,142500,152000,2.6
366,kew,751000,868000,1300000,1225000,1365000,1650000,1640000,1500000,1751000,1967500,2043500,10.5
367,kew east,600000,641500,925000,872500,932000,1070000,1056000,1005000,1210000,1314000,1555500,10.0
368,kew north,650000,722500,951000,875000,940000,1163000,1071000,995500,1260000,1301000,1635000,9.7
369,keysborough,262000,275000,300000,360000,375000,417500,430000,425000,440000,456000,562000,7.9
370,kialla,312500,330000,361500,327000,320000,335000,360000,318500,360000,365000,367500,1.6
371,kilcunda,197500,295000,387500,270000,292500,347500,330000,350000,375000,320000,400000,7.3
372,killara (wodonga),226000,237000,253500,156000,212500,212500,212500,116500,355000,399500,350000,4.5
373,kilmore,235000,257500,246500,250000,273500,327500,325000,312000,325000,319000,336500,3.6
374,kilsyth,270000,280000,317000,350000,367500,426500,430000,415000,435000,460000,540500,7.2
375,kilsyth south,344000,385000,393000,475000,437000,515500,520000,501000,535000,575000,676000,7.0
376,kinglake,193000,209000,240000,250000,265000,267500,306500,310000,330000,318000,340000,5.8
377,kings park,212500,213000,225000,250000,285000,340000,330000,324000,315000,325000,355000,5.3
378,kingsbury,280500,292500,338500,387500,422000,519000,475000,435000,469000,502500,560000,7.2
379,kingsville,363000,391000,491500,458500,543500,630000,599500,597500,635000,701500,780000,8.0
380,knoxfield,285000,300000,355000,368000,420000,472000,481000,465000,500000,562500,687000,9.2
381,koo wee rup,217000,218000,225000,251500,280000,297000,334000,320000,315000,335000,343500,4.7
382,koondrook,120000,143000,140000,155000,139000,239500,150000,165000,147500,155000,198500,5.2
383,koroit,208000,210000,240000,254000,210000,236000,266000,287000,275000,300000,292500,3.5
384,korumburra,175000,187000,179000,200000,215000,234000,240000,240000,237000,222500,261500,4.1
385,kurunjang,190000,205000,214000,231500,242000,289000,300000,283000,287000,280000,288500,4.3
386,kyabram,175000,187000,195000,210000,195000,210000,200000,217500,237000,235000,240000,3.2
387,kyneton,214000,215000,240000,246000,268500,330000,370000,372500,367000,403000,425500,7.1
388,lake boga,145000,130000,177000,130000,149000,187000,212500,185000,200000,145000,210000,3.8
389,lake gardens,295500,310000,307000,342000,350000,387000,400500,385000,445000,445000,461000,4.5
390,lake tyers beach,207500,228500,250000,255000,235000,286000,285000,274000,270000,354000,330000,4.7
391,lake wendouree,362500,353500,473500,403000,404000,550000,630000,545000,634000,650000,690000,6.6
392,lakes entrance,228000,245000,255000,237500,260000,256500,300000,252500,267500,255000,255500,1.2
393,lalor,240000,250000,267500,295000,335000,385000,380000,360000,365000,385000,445000,6.4
394,lancefield,220000,238000,227500,243000,260500,281000,321000,315000,380000,362000,360000,5.0
395,lang lang,195000,202000,215000,245000,254000,260000,310000,277500,285000,295000,320000,5.1
396,langwarrin,250000,268500,290000,315000,331500,394000,385000,375000,385000,420000,450000,6.1
397,lara,246000,250000,260000,273500,282000,325000,327500,335000,350000,340000,348000,3.5
398,lara lake,265000,275000,274500,277000,303000,338500,355000,355000,361000,394000,375000,3.5
399,launching place,230000,235500,270000,280000,284000,355000,343500,340000,330000,337500,366000,4.7
400,laverton,185500,185000,220000,265000,310000,351500,340000,320000,325000,360000,377000,7.3
401,laverton south,260000,270000,290000,324500,355000,405000,400000,390500,392500,420000,450000,5.6
402,leneva,380000,339000,110000,360000,324000,394000,362000,382000,342000,356000,370500,-0.3
403,leongatha,219000,235000,220000,240000,253000,285000,280000,287500,300000,295500,305000,3.4
404,leopold,250000,262500,277500,282000,309000,340000,340000,350000,360000,367000,365000,3.9
405,lilydale,290000,325000,335000,361500,390000,440000,456000,420000,466500,482500,535000,6.3
406,lindenow,210000,180000,167500,180500,123500,162500,175000,249500,200000,226000,212500,0.1
407,linton,125000,174000,130000,164500,175000,152500,168500,187500,163500,208000,152000,2.0
408,lismore,95500,118000,120000,100000,110000,134000,145000,132500,110000,109000,115000,1.9
409,loch sport,144000,155000,140000,149500,151000,170000,165000,165000,169000,153500,145000,0.1
410,lockington,135000,120000,150000,155000,124000,158000,146500,165000,175000,174000,220000,5.0
411,long gully,167000,175000,171000,174000,180000,210000,220000,220000,232000,255000,244000,3.9
412,longwarry,185000,165000,205000,197000,246500,262000,275000,286500,289500,297500,302000,5.0
413,lorne,656500,705000,755000,780000,752500,780000,832500,800000,855000,815000,876500,2.9
414,lovely banks,257000,303500,302500,350000,353500,365000,385500,402000,360500,406500,388500,4.2
415,lower plenty,410000,411000,445500,483000,559000,640000,590000,620000,685000,675000,780000,6.6
416,lucas,197857,197857,197857,197857,197857,197857,197857,292500,348000,355000,389500,
417,lucknow,205000,208000,182500,243500,227500,234000,247500,200000,235000,229000,230000,1.2
418,lynbrook,286000,307000,327000,341000,380000,411000,424500,415000,430000,460000,500000,5.7
419,lyndhurst,360000,321500,330000,339000,357000,435000,441500,450000,465000,482500,545000,4.2
420,lysterfield,345000,396500,420000,463000,496000,640000,642500,643500,681500,670000,772000,8.4
421,lysterfield south,630000,550000,737500,685000,808000,1027500,1000000,830000,931500,1000000,1018500,4.9
422,macedon,285000,305000,345000,360000,393000,473000,434500,525000,480000,460000,532500,6.5
423,macleod,335000,342500,402000,435000,480000,644000,600000,555000,650000,710000,748000,8.4
424,maddingley,227000,218500,265000,265000,258000,290000,300000,308000,316500,320000,330000,3.8
425,maffra,170000,165000,177000,190000,200000,230500,230000,235000,226500,217500,227500,3.0
426,maiden gully,265000,280000,308500,330000,336500,385000,408500,424000,440000,415000,430000,5.0
427,maidstone,295000,310000,400000,440000,460000,540000,539000,490000,531000,589500,628000,7.8
428,maldon,215000,240000,217500,235000,245000,280000,267500,279500,315000,327500,339000,4.7
429,mallacoota,271000,260000,250000,244000,272500,300000,278000,267500,285000,280000,268500,-0.1
430,malmsbury,189000,202500,222500,266500,247500,314000,300000,332500,292500,317500,410000,8.1
431,malvern,936000,995000,1405000,1363000,1550000,1740000,1540000,1512500,1470000,1917500,2210000,9.0
432,malvern east,657500,705000,868500,955500,951000,1105500,1100000,1037500,1190000,1385500,1605000,9.3
433,manifold heights,292500,313000,292500,370000,410500,401000,447500,425000,532500,489000,489500,5.3
434,manor lakes,280000,287500,279000,289000,311500,349000,360000,345000,341000,360000,370500,2.8
435,mansfield,259500,235000,245000,230500,250000,280000,300000,315000,357500,347000,359000,3.3
436,maribyrnong,370500,449000,542000,550000,607500,682000,630000,614000,705500,750000,835000,8.5
437,marong,185000,241500,195000,165000,219000,257500,285000,312500,310000,350000,367500,7.1
438,marshall,239500,252500,268000,270000,298500,367500,322500,365000,360000,382500,377000,4.7
439,maryborough,135000,140000,130000,140000,152000,160000,180000,182500,194000,200000,186000,3.2
440,marysville,227500,245000,271500,245000,240000,340000,395500,145000,180000,125000,125000,-5.8
441,mccrae,315000,360000,376000,435500,424000,560000,623000,555000,530000,535000,600000,6.7
442,mckenzie hill,255000,300000,325000,275000,306000,350000,394000,465000,365000,140000,158500,-4.6
443,mckinnon,535000,634500,798000,793500,869000,970000,900000,944000,1025000,1215000,1446000,10.5
444,meadow heights,232000,233000,240000,255000,300000,345000,321500,315000,316500,322000,350000,4.2
445,melton,173000,175000,182000,205000,218000,250000,256000,250000,245000,240000,255000,4.0
446,melton south,168500,172500,178000,195000,218000,248500,245500,230000,240000,242500,265000,4.6
447,melton west,215000,220500,222000,249000,265000,292000,311000,308500,310000,305000,323500,4.2
448,mentone,462500,506000,599500,643000,590000,680000,690000,651000,700000,805000,950000,7.5
449,menzies creek,320000,317000,365000,372500,343000,482500,475000,465000,515000,428000,580000,6.1
450,merbein,149000,145000,156500,158500,151000,161000,157000,142500,140500,166500,180000,1.9
451,merinda park,200500,196500,210500,240000,277000,300000,305000,285000,310000,310000,345000,5.6
452,mernda,258000,309000,334000,323000,350000,389500,395000,374000,375000,370000,411500,4.8
453,merricks beach,600000,590000,650000,815000,630000,690000,880000,716500,597500,952500,842500,3.5
454,metung,284000,260000,244000,230000,260000,302000,267500,350000,337500,310000,309500,0.9
455,mickleham,350000,146312,146312,146312,146312,146312,146312,146312,146312,440500,380000,0.8
456,middle park,917500,900000,1342500,1410000,1300000,1500000,1322500,1426000,1600000,2125000,2317000,9.7
457,mildura,190000,199000,211500,200000,205000,220000,222000,225000,225500,245000,252000,2.9
458,mill park,283000,282000,307500,327500,366000,419000,410000,405000,408000,430500,485000,5.5
459,millgrove,165500,174000,188000,211000,216500,234000,235000,235000,245000,261000,272500,5.1
460,miners rest,230000,252000,269000,265000,280000,320000,339000,325000,330500,328000,335000,3.8
461,minyip,34500,66000,65000,80000,86500,85000,82500,81000,73500,95000,94000,10.6
462,mirboo north,175000,164500,220000,209500,227500,244000,257000,252000,265000,250000,262000,4.1
463,mitcham,355500,365000,460000,468500,506000,627500,590500,583000,650000,730000,887000,9.6
464,mitchell park,200000,188500,191000,228000,229000,257000,247500,270000,281000,254500,260000,2.7
465,moe,118500,125000,130000,126500,135000,150000,165000,165000,155000,170000,164000,3.3
466,moggs creek,460500,410000,680000,925000,607500,636000,580000,650000,690000,690000,670000,3.8
467,monbulk,250000,264000,303000,316000,325500,420000,392500,380000,395000,425000,471500,6.6
468,mont albert,673500,705000,955000,1105000,1068500,1310000,1310000,1177500,1316000,1490000,1835500,10.5
469,mont albert north,492000,525000,725000,681500,795000,970000,837500,780000,995000,1100000,1355000,10.7
470,montmorency,332500,355000,415000,430000,474000,580000,570000,560000,570500,617000,730000,8.2
471,montrose,280000,293000,332500,358000,387000,439000,435000,426000,445000,476500,560000,7.2
472,moonee ponds,459000,525000,620000,655000,678500,849000,772500,770000,825000,905000,997000,8.1
473,moorabbin,384000,430000,517500,535000,587500,706500,652000,630500,683500,767000,855000,8.3
474,mooroolbark,277000,286500,325000,349000,370000,445000,435000,425000,440000,470000,560000,7.3
475,mooroopna,186000,210000,202500,200000,205000,222000,215000,217500,207000,215000,230000,2.1
476,mordialloc,376500,400000,491000,535000,568000,645000,640000,640000,680000,752500,850000,8.5
477,mornington,314500,345000,365000,405000,426000,510000,520000,504500,525000,560000,630000,7.2
478,mortlake,135000,150000,135000,156000,156000,150000,146000,152000,129500,152500,120000,-1.2
479,morwell,118500,123000,127500,135000,140000,153000,159500,150500,160000,150000,150000,2.4
480,mount beauty,158500,175000,180000,190500,180000,195000,173000,140000,180000,200000,189500,1.8
481,mount clear,220000,233000,239000,227500,235500,265000,286000,305000,286000,291000,322000,3.9
482,mount dandenong,305000,337500,375500,442500,450000,476000,447500,476500,450000,610000,605000,7.1
483,mount duneed,460000,460000,460000,460000,460000,267000,190000,480000,286000,532000,545000,
484,mount eliza,490000,499000,550000,576000,621500,730000,722500,680000,750000,775000,830000,5.4
485,mount evelyn,266000,271000,297000,332000,340000,388000,400500,393000,406000,430000,494000,6.4
486,mount helen,250000,258000,266000,280000,307500,309500,355000,325000,344000,367500,355000,3.6
487,mount macedon,500000,410000,415000,424000,460000,520000,525000,543000,670000,600000,642500,2.5
488,mount martha,415000,480000,501000,555000,605500,705500,690000,715500,727500,725000,767000,6.3
489,mount pleasant,197000,176000,179000,212500,211000,239000,248500,259000,287000,269500,293500,4.1
490,mount waverley,425000,462000,603500,650000,690000,800000,745000,733500,819000,950000,1269000,11.6
491,mulgrave,332500,355000,420500,455500,477500,550000,530500,531000,575000,627000,765000,8.7
492,murchison,143000,158000,160000,180000,166500,177500,165000,183000,186000,155000,165000,1.5
493,murrumbeena,506500,543000,645500,709000,755500,840000,790000,777500,870000,983000,1200000,9.0
494,murtoa,80000,75000,77000,83000,92500,85000,133000,108500,95000,110000,91000,1.3
495,myrtleford,198000,225000,231500,192000,194000,179000,219000,213000,220000,245000,240000,1.9
496,nagambie,155000,212500,225500,235000,210500,351500,248000,255000,315000,378000,360500,8.8
497,narre warren,242000,259500,272000,300000,321500,369000,363000,356000,370000,385500,430000,5.9
498,narre warren north,362000,403500,481000,550000,664000,710000,730000,660000,687000,831500,780000,8.0
499,narre warren south,283000,299000,310000,335000,360500,405000,405000,405000,410000,440000,480000,5.4
500,nathalia,130000,150000,160000,145500,165000,155000,150000,205000,165000,190500,178000,3.2
501,neerim south,239000,179500,201500,250000,262500,240000,275000,265000,340000,342500,280000,1.6
502,nerrina,235000,185000,233000,400000,300000,381000,387000,467500,455000,482500,522500,8.3
503,new gisborne,310000,377500,357000,347500,368000,465000,492000,475000,495000,515000,498000,4.9
504,newborough,145500,156500,160500,171500,173000,197000,186000,213500,211500,217500,220000,4.2
505,newcomb,189500,190000,214000,210000,228000,280000,275000,275000,280000,292000,290500,4.4
506,newington,221500,245000,257500,237000,253500,290500,290000,300000,320000,346500,345000,4.5
507,newlands arm,252000,144500,263500,218000,280000,300000,332000,325000,320000,302000,275000,0.9
508,newport,386000,422000,505000,521000,555000,651500,680000,630000,692500,740000,810000,7.7
509,newstead,134000,196500,192500,195000,197500,237500,243000,252000,300000,297500,365000,10.5
510,newtown (geelong),360500,357000,405000,403000,405500,554500,530500,523000,567500,620000,635000,5.8
511,nhill,86000,94000,84000,109000,124000,101500,107000,111000,110000,125000,126000,3.9
512,niddrie,392500,420000,470000,568500,595000,729500,742500,666000,700000,750000,827500,7.7
513,noble park,240500,250000,280000,316000,350000,415000,410000,381000,400000,440000,510000,7.8
514,noble park north,240000,262000,280000,314000,350000,415000,395000,370000,383000,420000,493500,7.5
515,norlane,135500,139500,148000,151500,160000,190000,205000,209000,202500,215500,217000,4.8
516,north bendigo,180000,183500,195000,185000,206000,218000,230000,266000,270000,280000,286000,4.7
517,north geelong,216000,223000,235000,238000,255000,308500,290000,289000,277000,302000,337500,4.6
518,north melbourne,450000,506500,575000,610000,610000,780000,740000,767000,760000,828000,900000,7.2
519,north wonthaggi,203000,207000,222500,245000,262500,285000,287000,257000,230000,268000,276500,3.1
520,northcote,423500,460000,587000,620000,665500,820000,760000,770000,801000,936000,1008500,9.1
521,notting hill,320000,325500,427000,450500,485000,563000,521000,547000,565000,660000,780000,9.3
522,numurkah,162500,178000,195000,182000,173000,178000,191500,201000,195000,215000,218000,3.0
523,nunawading,341000,361000,451500,466000,507000,641500,585000,590000,635000,720000,880000,9.9
524,nyah west,139000,152500,105500,77000,89000,97500,70000,116500,94000,107500,135000,-0.3
525,nyora,190000,170000,207500,195000,182500,237500,215000,225000,222500,265000,245000,2.6
526,oak park,340000,360000,431000,470000,500000,630000,571000,550000,576500,628500,663000,6.9
527,oakleigh,411000,430500,556000,567000,618000,715500,699500,628500,655000,801500,989000,9.2
528,oakleigh east,355000,390000,485500,514500,551000,676500,640000,610000,652500,812500,1050500,11.5
529,oakleigh south,342000,385500,474000,482500,533500,630000,615000,590000,603000,700000,830000,9.3
530,ocean grove,320000,324500,350000,395000,387500,428000,475000,465000,457500,515000,518500,4.9
531,officer,305000,263000,400000,127000,340000,385000,396000,429000,342000,339000,435000,3.6
532,olinda,306000,317500,342000,360000,378500,452500,520000,445000,496000,520000,542000,5.9
533,orbost,130000,138500,142500,165000,155000,181000,151500,150000,156000,150000,145000,1.1
534,ormond,530000,645000,811000,791000,805500,970000,912500,857500,994000,1187500,1300000,9.4
535,osborne,312500,330000,360000,380000,422500,465500,490000,507500,530000,541000,578000,6.3
536,ouyen,75000,65000,82500,97500,110000,103000,110000,116500,75000,77500,103000,3.2
537,pakenham,232000,245000,260000,275000,305000,335000,340000,335000,335500,350000,365000,4.6
538,paradise beach,154000,150000,132500,134000,170000,152500,159500,212500,163500,178000,188500,2.0
539,park orchards,582500,580000,690000,781000,814000,945000,920000,951000,952500,1103000,1225000,7.7
540,parkdale,422000,505000,625000,615000,622500,750000,755000,678500,753500,857000,960000,8.6
541,parkville,850000,842500,845000,1085000,1300000,1175000,642500,690000,1186000,1467500,1315000,4.5
542,pascoe vale,345000,347500,420000,450000,502000,595000,562500,535000,579000,655000,711000,7.5
543,pascoe vale south,368000,382500,442000,506500,550000,655000,607500,627500,645500,700000,740000,7.2
544,patterson gardens,384000,450000,470000,490000,523000,582500,605000,610000,629000,672000,737500,6.7
545,patterson lakes,426000,482500,505000,507500,530000,613000,625000,730000,640000,734000,780000,6.2
546,paynesville,252000,251000,265000,310000,276500,290000,319500,290000,283000,300000,300000,1.8
547,pearcedale,269500,255000,290000,318500,328000,390000,405000,427500,385000,445000,470000,5.7
548,penshurst,125000,96000,121000,118000,142500,147500,165000,83000,144000,132500,191000,4.3
549,peterborough,314000,407500,350000,350000,267500,291500,410000,333000,287500,307500,296500,-0.6
550,pioneer bay,148000,157000,165500,185000,184500,235000,197500,235000,200000,220000,235000,4.7
551,plenty,328500,440000,605000,720000,715000,900000,730000,770000,721000,750000,915500,10.8
552,plumpton,325000,1739000,1739000,315000,390000,360000,291000,482500,439000,406500,469000,3.7
553,point cook,318000,330000,351000,369500,399000,435000,442000,435000,450000,450000,488000,4.4
554,point lonsdale,510000,475000,482500,487500,555000,695000,653000,700000,700000,710000,690000,3.1
555,porepunkah,230000,278000,310000,260000,257500,320000,276000,285000,347000,285000,326000,3.5
556,port fairy,292500,300000,345000,294000,331500,392000,382500,410000,400000,427500,450000,4.4
557,port melbourne,582500,630000,787500,763500,845000,912500,867500,935000,1000000,1010000,1274500,8.1
558,portarlington,282000,286000,290000,295000,345000,380000,427500,390000,391000,410000,410000,3.8
559,portland,178000,192000,215000,210000,195000,220000,237000,227500,235000,210000,218500,2.1
560,portland north,135000,103500,180000,122500,225000,115000,215000,226500,300000,248000,330000,9.3
561,portsea,900000,1002500,925000,1380000,1075000,1375000,1625000,1375000,1195000,1310000,1800000,7.2
562,prahran,595000,653000,780000,804000,855000,710000,833000,915000,990000,1175000,1350000,8.5
563,preston,345000,369500,452000,465000,515000,610500,600000,580000,630000,689500,792000,8.7
564,princes hill,634000,645000,799000,800000,871000,1027500,967500,928500,1216500,1210000,1280000,7.3
565,quarry hill,196500,243500,232000,250000,259000,295500,292500,300000,385000,355000,377500,6.7
566,queenscliff,437500,475000,605000,525000,580000,680000,577500,697500,630000,695000,707500,4.9
567,rainbow,60000,57500,59000,64500,69000,70000,71500,69000,64500,77000,68000,1.3
568,raymond island,235000,291500,240000,365000,242000,277500,262500,304500,297500,280000,282500,1.9
569,red cliffs,144500,160000,146500,160000,145000,160000,170000,162500,165000,166000,175000,1.9
570,red hill,349000,388000,451000,385000,519000,615000,630000,585000,522500,650000,645000,6.3
571,redan,175000,185000,187000,190000,195000,230000,227500,237000,250000,245000,249500,3.6
572,research,395500,390000,455000,508500,530000,614500,657000,622500,605500,685000,686000,5.7
573,reservoir,291000,301500,359500,388000,426500,515000,500000,465000,510000,541000,611000,7.7
574,rhyll,287500,288000,342500,295000,387500,410000,410000,400000,393000,482000,403500,3.4
575,richmond,507000,560000,685500,690000,705000,825000,800000,807500,889000,961000,1125000,8.3
576,riddells creek,280000,270000,275000,359000,315000,379000,450000,377500,450000,435000,449000,4.8
577,ringwood,310000,333500,382500,420000,455000,551500,505000,500000,551000,661000,782500,9.7
578,ringwood east,315000,319000,380000,415000,440500,530000,520000,490000,547000,612000,750000,9.1
579,ringwood north,365000,396000,454500,440500,489000,581500,569000,564000,631500,662000,781000,7.9
580,rippleside,303000,348000,402000,406500,390000,717500,510000,420000,590000,525000,582000,6.7
581,ripponlea,494000,705000,705000,1020000,775000,1325000,830000,967500,845000,977500,1400000,11.0
582,robinvale,142000,135000,180000,180000,186500,145000,138000,179000,150000,160000,181500,2.5
583,rochester,165000,180000,178000,184000,175000,155000,185000,210000,189500,215000,234000,3.6
584,rockbank,197500,180000,189000,237500,215000,237000,251000,262000,330000,280000,211000,0.7
585,romsey,235000,274500,254000,284000,302500,350000,363000,367500,387500,392000,420000,6.0
586,rosanna,395000,428500,526500,595000,588000,695500,727500,652500,717000,781500,915000,8.8
587,rosebud,236000,236500,255000,290000,310000,355000,360000,350000,367000,365000,388000,5.1
588,rosebud south,278500,293000,299500,370000,347500,420000,460000,450000,425000,500000,514500,6.3
589,rosebud west,237000,233000,271000,293000,305000,355000,372500,330000,350000,365000,390000,5.1
590,rosedale,165000,130000,160000,174500,165000,185000,189000,209000,215000,210000,175000,0.6
591,rowville,341500,360000,403500,439500,467000,537500,527000,530000,569000,617500,710000,7.6
592,roxburgh park,275000,277000,280000,295000,340000,371000,360000,355000,365000,380000,404000,3.9
593,rupanyup,88000,68000,77000,75000,54500,129000,100000,127000,75000,105000,50000,-5.5
594,rushworth,130000,143000,153500,151500,150000,147500,155000,190000,161000,158000,177000,3.1
595,rutherglen,179000,200000,195000,201500,176000,175000,207000,235000,239000,195000,228500,2.5
596,rye,275000,285000,330000,357500,380000,435500,440000,422000,425000,460000,489000,5.9
597,safety beach,400000,385000,412500,446000,406500,495000,553000,550000,515000,522500,585000,3.9
598,sailors gully,182500,180000,165000,210500,192500,213500,265000,257500,253000,262500,235000,2.6
599,sale,199000,210000,230000,253000,250000,275000,291500,273500,290000,300000,299500,4.2
600,san remo,315000,285000,385000,352000,362000,445000,411000,402500,410000,407000,420000,2.9
601,sanctuary lakes,399000,416000,418000,480000,456500,470000,475000,512500,480000,439000,482000,1.9
602,sandhurst,295000,300000,450000,521000,353500,440000,504500,510000,545000,548500,619000,7.7
603,sandringham,722500,811000,926000,1040000,1027000,1200000,1102000,1090000,1182500,1305000,1490000,7.5
604,sandy point,252500,320000,275000,288500,300000,338000,375000,355000,352500,380000,370000,3.9
605,sassafras,318500,318000,360000,450000,427500,507000,497500,397500,632500,556000,562000,5.8
606,scoresby,280000,297000,347000,370000,396000,488000,472000,480500,510000,570000,660000,9.0
607,sea lake,65000,84500,73000,77000,65000,62500,112000,65000,80000,75000,95000,3.9
608,seabrook,260000,266000,295000,322000,350000,415000,407500,403500,422500,400000,456000,5.8
609,seaford,250500,272000,317000,333500,355000,412500,410000,392500,418500,450000,470000,6.5
610,seaholme,370500,411500,436500,515000,663000,565000,630000,600000,641000,670000,815000,8.2
611,seaspray,141500,130000,150000,180000,145000,239000,165000,192500,152000,164000,240000,5.4
612,sebastopol,182000,180000,186500,200000,212000,226000,228000,240000,241000,235500,243000,2.9
613,seddon,353000,376000,471000,509000,515000,645500,620500,670000,675000,730000,835000,9.0
614,selby,270000,300000,300500,309000,385000,407000,421500,410000,420000,445000,469500,5.7
615,seville,253000,255000,283000,308500,335500,385000,378000,380000,400000,397500,450000,5.9
616,seville east,215000,248500,238000,255000,317500,342500,364500,342500,339500,350000,395000,6.3
617,seymour,165000,185000,180000,185000,185000,215000,190000,220000,220000,213000,223500,3.1
618,shepparton,210000,233500,231000,231000,229000,251000,242500,240000,246500,243000,250000,1.8
619,shoreham,402500,510000,760000,555000,652000,572000,585000,618000,607000,620000,886500,8.2
620,silvan,235500,284500,332000,470000,310000,403500,361000,417000,446500,415000,480000,7.4
621,silverleaves,350000,396000,373000,360000,390000,497500,500000,505000,508000,460500,484000,3.3
622,skenes creek,345000,460000,330000,360000,450000,500000,370000,532500,465000,435000,482500,3.4
623,skye,262500,280000,289000,320000,330000,370000,385000,390000,395000,413000,428500,5.0
624,smiths beach,338000,280000,355000,350000,325000,442500,380000,430000,372500,390000,450000,2.9
625,soldiers hill,195500,222000,220000,221000,227500,265500,277000,292500,283000,341000,310000,4.7
626,somers,388500,380000,435000,430500,497500,615000,615000,692500,660000,760000,696500,6.0
627,somerville,238000,257000,265000,300000,325500,370000,373500,361000,385000,397500,425000,6.0
628,sorrento,590000,580000,655000,745000,680000,850000,900000,730000,770000,795000,859000,3.8
629,south dudley,187000,156500,190000,216000,210000,235500,230000,216500,192000,191000,197500,0.5
630,south geelong,255500,297500,301500,310000,384500,420000,382500,430000,420500,470000,436000,5.5
631,south kingsville,340000,395000,442000,495000,509000,635500,610000,635000,619000,671000,742000,8.1
632,south melbourne,648000,604000,751500,822500,918500,759500,615000,910000,1027500,1200000,1280000,7.0
633,south morang,318000,327000,325000,341500,362500,410000,410000,420000,415000,420000,450000,3.5
634,south yarra,791000,835000,957500,905500,1100000,750000,935000,836500,1165000,1412500,1700000,8.0
635,spotswood,342000,391000,501000,500000,507000,635000,602500,640000,680000,640000,804000,8.9
636,spring gully,247500,246000,235000,247500,295500,294000,320000,340000,345000,350000,350000,3.5
637,springvale,245000,270000,303000,360000,407500,490000,470000,446500,450500,530000,642500,10.1
638,springvale south,270000,270500,300000,346500,371000,450500,420000,408000,430000,475000,562000,7.6
639,st albans,220000,217000,240000,278000,310000,385000,388000,348000,350000,374500,427000,6.9
640,st albans park,228000,235000,244500,250000,266000,298000,310000,307500,335000,330000,329000,3.7
641,st andrews beach,310000,352500,393500,408000,522500,495000,550000,714000,480000,495000,550000,5.9
642,st arnaud,102500,107000,104000,120000,125000,135000,125000,123000,140000,145000,141000,3.2
643,st helena,411000,445000,415000,493000,490500,562000,570000,556000,612500,623000,711000,5.6
644,st kilda,550000,620000,755000,810000,804500,690500,746000,840000,655000,1212500,1155000,7.7
645,st kilda east,557500,642000,856000,837500,857000,1000000,962500,993000,1050500,1050000,1367500,9.4
646,st kilda west,795000,1036000,1085000,1132500,1360000,1925000,1700000,1262500,1142500,2235000,1955500,9.4
647,st leonards,249000,270000,259000,290000,285000,350000,389000,363000,350000,362500,375000,4.2
648,stanhope,116000,121000,165000,126500,133000,160000,152000,175000,150000,131000,152500,2.8
649,stawell,138000,145500,143500,143000,145000,155000,147000,167000,162500,172500,177000,2.5
650,stratford,175000,171500,210000,185000,230000,207500,242500,267500,230000,261500,260500,4.1
651,strathdale,260000,253500,260000,266000,295000,330000,369500,361000,392500,380000,410500,4.7
652,strathfieldsaye,272500,285000,285000,276500,305000,357000,370000,359000,377000,397500,406500,4.1
653,strathmerton,90000,151000,182500,125000,150000,165000,107500,164500,166000,172500,185000,7.5
654,strathmore,525000,510000,590000,715000,738000,870000,812500,800000,825000,870000,992500,6.6
655,strathmore heights,382500,348000,420000,435000,466500,598500,700000,605000,621000,640000,712500,6.4
656,studfield,291000,315500,380000,410000,428500,515500,472000,480500,535000,617500,781000,10.4
657,sunbury,244000,243000,255000,261000,297000,343000,360000,350000,354000,360000,370000,4.2
658,sunderland bay,212500,253500,273000,267500,257000,315000,280000,265000,324500,337000,287000,3.1
659,sunset strip,208000,222000,209000,231000,250000,286000,286500,286500,301500,310000,300000,3.7
660,sunshine,240000,242000,302500,340000,388000,455000,430000,400000,435000,479000,537500,8.4
661,sunshine north,230000,233500,257000,320000,360000,425000,417500,396500,400000,425500,500000,8.1
662,sunshine west,235000,241000,258000,300000,344000,400000,393000,375000,379000,391000,470000,7.2
663,surf beach,225000,253000,250000,271000,289000,332000,350000,350000,375000,360000,355000,4.7
664,surrey hills,650000,715000,990000,930000,1007500,1200000,1210000,1121500,1323000,1442500,1750000,10.4
665,swan hill,193500,210000,207000,210000,235500,230000,225000,225000,225000,230000,248500,2.5
666,sydenham,266500,275000,300000,315000,366500,388000,420000,415000,425000,415000,442000,5.2
667,syndal,465000,486000,650000,693000,760000,860500,850000,784000,950000,1160000,1525000,12.6
668,tallangatta,160000,164500,199500,165000,181000,186000,175000,185000,154000,200000,233000,3.8
669,tangambalanga,225000,257500,230000,235000,220000,245000,235000,177500,272500,253000,215000,-0.5
670,tarneit,272500,278000,292000,298000,325000,360000,369000,356000,371000,395000,400000,3.9
671,tatura,183500,201000,199000,200000,195000,220000,215000,229500,222500,237500,233000,2.4
672,tawonga south,167000,213000,242000,242500,245000,216000,230000,255000,219500,235000,255000,4.3
673,taylors hill,290000,304500,317500,345500,375500,425000,420000,480000,487500,510000,530000,6.2
674,taylors lakes,320000,331500,350000,395000,420000,467500,500000,477500,489000,510000,572500,6.0
675,tecoma,276500,282500,320000,368000,375000,400000,427500,412000,415000,478000,510000,6.3
676,templestowe,495000,555000,636000,700000,722500,803500,802000,811000,865000,950000,1138000,8.7
677,templestowe lower,422000,437000,552000,585000,630000,726000,711000,669000,750000,827000,1044000,9.5
678,terang,153500,180000,155000,163000,153500,179000,160000,155000,161500,195000,206500,3.0
679,the basin,265000,280500,327000,340000,370000,430000,400000,410000,430000,464500,550000,7.6
680,the patch,310000,312500,310000,415000,390000,437500,470000,417500,407000,486500,505000,5.0
681,thomastown,256000,260500,280000,323000,350000,416000,400000,364500,390000,419000,436000,5.5
682,thomson (geelong),184500,185000,199500,205000,215000,280000,281500,275000,281000,290000,289000,4.6
683,thornbury,396500,439000,546000,570000,602500,715500,685000,712500,729000,840000,920000,8.8
684,timboon,160000,258000,216500,163500,202500,187000,211500,212500,184000,210000,240000,4.1
685,tongala,142000,152000,165000,179000,158500,157000,154000,175000,185000,179000,157500,1.0
686,toongabbie,135500,159500,185000,196000,221000,260000,230000,212500,234000,261500,235000,5.7
687,toora,162500,177500,165000,150000,155000,175000,220000,210000,165000,155000,235000,3.8
688,tooradin,225000,265000,250000,308500,320000,420000,365000,380000,420000,480000,472000,7.7
689,toorak,1750000,2141500,2615000,2610000,2710000,2525000,2610000,2852500,2875000,3325000,3850000,8.2
690,tootgarook,230000,248500,275000,311500,315000,370000,373500,390000,387000,402500,402500,5.8
691,torquay,380000,390000,440000,492000,475000,532500,561500,565000,580000,581500,625000,5.1
692,trafalgar,178000,181000,210000,205500,216000,247500,280000,285000,283000,311000,310000,5.7
693,traralgon,180000,194500,215000,225000,230000,256500,270000,260000,269500,275000,272500,4.2
694,traralgon east,289000,298500,320000,337500,380000,388000,405000,400000,435000,440000,432500,4.1
695,travancore,460000,650000,610000,468500,640000,625000,525000,810000,905000,848000,1000000,8.1
696,trentham,200000,240000,216000,245000,237500,300000,287000,331500,407500,340000,422500,7.8
697,truganina,286000,275000,279000,301000,320000,345000,350000,341000,360000,390000,400000,3.4
698,tullamarine,262500,265000,290000,332500,380000,440000,420000,393500,395000,413500,470000,6.0
699,tungamah,117500,117500,155000,150000,124000,125000,135000,86000,89000,140000,117500,0.0
700,tyabb,220000,240000,270000,270000,291500,346000,350000,372500,370500,367500,395000,6.0
701,upper ferntree gully,275000,294000,324500,365000,350000,427500,400000,408500,437500,500000,515000,6.5
702,upwey,270000,305000,338000,345000,380500,415500,415000,422500,422500,476000,515000,6.7
703,ventnor,282500,272500,340000,365000,383500,380000,365000,386500,370000,377500,425000,4.2
704,venus bay,204000,190000,200000,217000,238000,239000,265500,238500,242500,237000,235000,1.4
705,vermont,347000,360000,455500,455500,520000,610000,553000,571000,610000,725000,855000,9.4
706,vermont south,401000,437000,530500,570000,590000,694500,672500,654500,722500,815000,1005500,9.6
707,viewbank,403500,411500,456000,484000,520500,625000,603500,589000,632000,725000,820000,7.3
708,violet town,155000,150000,132500,175000,180000,172500,170000,204500,215000,199500,199000,2.5
709,wahgunyah,170000,200000,188500,200000,190000,245000,190000,244000,190000,213500,267000,4.6
710,wallan,242000,262000,260000,269000,288000,330000,350000,336500,342500,360000,360000,4.1
711,wallan east,219000,225000,240000,225000,230000,290000,305000,315000,312500,306000,310000,3.5
712,wandana heights,383500,406000,390000,470000,460000,540000,592500,557500,540000,582000,590000,4.4
713,wandin north,230000,256000,284000,284500,335000,410000,380500,380000,406500,439500,476500,7.6
714,wangaratta,200000,215000,220500,215000,228000,240000,242500,240000,240000,255000,272000,3.1
715,wantirna,320000,335000,405000,430000,455500,544500,528000,515000,575500,667500,791000,9.5
716,wantirna south,358500,376000,453500,486000,533000,571000,580000,542500,579000,739000,900000,9.6
717,warburton,205000,228500,241000,250000,259000,300000,315000,300000,310000,315000,325000,4.7
718,warneet,222500,247500,221000,223500,275000,332500,295000,284000,337000,355000,395000,5.9
719,warracknabeal,81000,85000,84000,97000,90000,88000,115000,105000,107500,110000,109500,3.1
720,warragul,218000,225000,245500,241500,247500,280000,295000,300000,315000,320000,307000,3.5
721,warrandyte,391500,445000,519000,533000,575000,635000,663500,620000,640000,764000,829000,7.8
722,warranwood,415000,450000,495000,525000,555000,636500,632500,654000,603000,665000,786000,6.6
723,warrnambool,254000,270000,279000,295000,295000,320000,320000,316000,325000,323000,330000,2.7
724,waterways,493000,394500,525000,580000,535000,608000,688000,682000,667000,845000,902000,6.2
725,watsonia,295000,305000,346000,400000,431000,505000,500000,458500,505000,555000,615000,7.6
726,watsonia north,302500,335500,374000,395000,435000,529000,470500,462000,510000,572500,630500,7.6
727,wattle glen,345000,352500,381000,440000,450000,490000,569500,527000,475000,500000,569000,5.1
728,waurn ponds,335000,329000,352500,375000,372500,435000,421000,452500,446500,470000,480000,3.7
729,wedderburn,80000,105000,125000,95000,70000,140000,123000,122500,149000,135000,95000,1.7
730,wendouree,190000,187000,195000,196000,205000,230000,235000,236500,243500,247000,250000,2.8
731,wendouree west,135000,136500,153500,125000,163500,186000,166000,167500,200500,165000,207500,4.4
732,werribee,210000,219000,221000,240000,263500,308000,315000,300000,309000,315000,338000,4.9
733,werribee south,390000,326500,375000,347000,420000,419000,455500,440000,538000,600000,665000,5.5
734,wesburn,205000,212000,260000,260000,278000,330000,327000,290000,312500,288500,395000,6.8
735,west footscray,301500,321000,395000,433500,473500,558500,515000,527500,545000,632500,707000,8.9
736,west melbourne,400000,518000,570000,560000,730000,804500,590500,620000,840000,971500,1005000,9.7
737,west wodonga,250000,270000,269000,255000,265000,281500,275000,268500,272500,296000,305000,2.0
738,westall,292500,300000,410000,429000,410000,480000,470000,475500,515000,563000,640000,8.1
739,westgarth,492500,495000,655000,643000,765000,891500,951000,825000,920000,1100000,1282500,10.0
740,westmeadows,275000,271500,266500,295000,345000,410000,397500,377500,388500,419000,447500,5.0
741,wheelers hill,400000,422500,520000,545500,615000,686500,650000,667500,740000,803500,1000000,9.6
742,white hills,197000,203500,211000,202500,220000,255000,265000,273000,280000,312500,295500,4.1
743,whittington,194000,178000,190000,210000,207500,245000,265000,252000,259000,262000,280000,3.7
744,whittlesea,290000,283500,300000,318000,330000,345000,371500,365000,375000,376000,400000,3.3
745,williams landing,290000,346000,328000,329000,355000,367500,371000,450000,470000,450000,524000,6.1
746,williamstown,625000,595000,750000,749000,800000,884000,895000,910000,913000,970000,1120000,6.0
747,williamstown north,409000,441500,521000,498500,500000,680000,839000,680000,680000,792000,850000,7.6
748,wimbledon heights,187500,210000,266000,252500,260000,299000,259000,290000,271500,310000,291500,4.5
749,winchelsea,198000,210000,175000,196000,206000,235000,260000,268500,287000,287500,262000,2.8
750,windsor,489000,585000,727500,731500,779500,856000,822000,815500,825000,961000,1113000,8.6
751,winter valley,331000,260000,270000,284000,276000,325000,325000,353500,340000,340500,365000,1.0
752,wodonga,226000,245000,239500,242000,240000,262000,277500,255500,283000,295000,295000,2.7
753,wollert,730250,730250,730250,730250,403000,425000,450000,410000,400000,395000,438000,
754,wonga park,450000,434000,500500,505000,667000,620000,672500,622500,674500,675000,735000,5.0
755,wonthaggi,190000,198000,220000,227500,250000,275000,261500,229000,231000,253000,260000,3.2
756,woodend,256000,308000,325000,339000,339000,480000,477500,430000,470000,455000,492500,6.8
757,woolamai waters,225000,240000,251000,271000,280000,342500,350000,347500,349500,383000,340000,4.2
758,woori yallock,198000,210000,219000,257000,278000,300000,312000,315000,330000,317000,359500,6.1
759,wurruk,170000,166500,179000,225000,223000,175500,216500,235000,285000,222000,237500,3.4
760,wy yung,395000,252500,270000,280000,269000,289000,288500,325000,283000,285000,290000,-3.0
761,wycheproof,56000,100000,102500,91000,115000,86000,86000,96500,95000,103000,108000,6.8
762,wye river,391000,510000,520000,454000,635000,760000,680000,557500,813000,646500,517000,2.8
763,wyndham vale,195000,212000,215000,233000,260000,298000,290000,287000,288500,305000,325000,5.2
764,yackandandah,233000,270000,229000,220000,225000,289000,295000,272500,327500,318000,300000,2.6
765,yallambie,335000,345500,371000,410000,442500,507000,506000,471000,532500,580000,665000,7.1
766,yallourn north,98500,96000,118500,125000,120000,145000,139000,161000,135000,145000,153500,4.5
767,yarra glen,273500,290000,320000,315000,365000,415000,430000,395000,420000,460000,515000,6.5
768,yarra junction,212500,285000,242000,308500,284000,350000,370000,397000,403000,352000,417500,7.0
769,yarragon,185000,166500,197000,185000,196500,206000,255000,266000,258000,303500,272000,3.9
770,yarram,160000,180000,172000,178500,180000,166000,201000,215000,190000,202500,245000,4.4
771,yarraville,365000,385000,490000,510000,541000,644000,610000,607000,692500,715500,816000,8.4
772,yarrawonga,251000,258500,268500,273000,277500,297000,267500,300000,305000,297000,300000,1.8
773,yea,208000,220000,213000,225000,217000,240000,270000,255000,257500,255000,262500,2.4
774,yinnar,155000,150000,167500,197500,183000,280500,208000,221500,220000,240000,182500,1.6
