locality,2005,2006,2007,2008,2009,2010,2011,2012,2013,2014,2015,growth_pa
ABBOTSFORD,427000,448000,602500,600000,638500,700000,704000,700000,773000,862500,925000,8
ABERFELDIE,534000,600000,735000,710000,775000,1046500,1003000,852500,947500,1045000,1185000,8.3
AIREYS INLET,459000,440000,430000,517500,512500,606000,680000,634000,664000,625500,677500,4
AIRPORT WEST,311500,320000,381000,421000,455000,570000,555500,495000,530000,573500,630000,7.3
ALBANVALE,210000,210000,215000,252000,280000,320000,317000,310000,313000,326500,345000,5.1
ALBERT PARK,681000,777000,986500,1125000,1050000,1155000,1390000,1260000,1360000,1503000,1705000,9.6
ALBION,216000,235000,262000,322500,349000,440000,400000,379500,380000,432000,472000,8.1
ALEXANDRA,200000,190000,207000,210000,220000,230000,255000,239000,261000,247500,285000,3.6
ALFREDTON,283000,307500,300500,300000,300000,316000,333000,340000,360000,362000,340000,1.9
ALLANSFORD,210000,240000,230000,232000,242500,250500,330000,257500,282500,242500,259000,2.1
ALPHINGTON,552500,687500,740000,804000,832500,1000000,992500,1000000,1107500,1028000,1271500,8.7
ALTONA,330000,370000,416000,480000,499000,627000,510000,555000,570000,645000,715000,8
ALTONA EAST,295000,310000,391500,412500,435000,560000,528000,550000,552000,607500,656000,8.3
ALTONA MEADOWS,232000,252000,280000,310000,346500,386000,395000,375000,385000,413000,439000,6.6
ALTONA NORTH,277000,290000,355000,401000,417000,515000,520000,487500,510000,553500,637500,8.7
ANGLESEA,391000,410000,445000,455000,516500,580000,600500,595000,550000,612500,637000,5
APOLLO BAY,350000,360000,415000,362500,430000,435000,495000,432500,450000,460000,435000,2.2
ARARAT,148000,145000,148500,145000,159500,174500,169000,165000,179500,201000,210000,3.6
ARDEER,206000,214500,234000,275500,312000,382500,360000,342000,330000,360000,381500,6.4
ARMADALE,801000,900000,1250000,1415000,1605000,1690000,1546500,1505000,1651000,1750000,2160000,10.4
ARMSTRONG CREEK,0,0,0,0,0,0,205000,362500,467500,441500,440000,NA
ARTHURS SEAT,370000,275000,385000,442500,410000,470000,662500,715000,480000,705000,820000,8.3
ASCOT (BENDIGO),285000,263000,270000,275000,279000,330000,322000,350000,349500,339000,350000,2.1
ASCOT VALE,425000,480000,600000,667000,622500,750000,734000,700000,742500,809500,880500,7.6
ASHBURTON,517500,600000,811500,809000,787500,983500,890000,870000,993000,1200000,1452500,10.9
ASHWOOD,381000,434000,573000,604000,640000,745500,750000,682000,775000,884000,1140000,11.6
ASPENDALE,365000,400000,500000,507500,547500,640000,626500,607500,620000,690000,790500,8
ASPENDALE GARDENS,377000,385000,435000,475000,497500,581000,550000,552000,586500,632000,715000,6.6
ATTWOOD,291000,359500,365000,440000,485000,576000,592000,500000,537500,515000,601500,7.5
AVENEL,184000,190000,206000,172500,212500,268500,221500,230500,231000,302000,245000,2.9
AVOCA,133500,130000,134000,167000,133000,144000,151000,181500,182500,174500,185000,3.3
AVONDALE HEIGHTS,315000,330500,367500,440000,460000,576000,538000,536000,530000,565000,650000,7.5
AVONSLEIGH,265000,270000,255000,318000,309000,321500,385500,345000,420000,355000,403000,4.3
BACCHUS MARSH,228000,235000,248000,255000,278000,305000,328000,325000,335500,348000,354000,4.5
BADGER CREEK,201000,215000,234500,234500,266500,295000,295000,295000,315000,325000,345000,5.6
BAIRNSDALE,195500,200000,208000,210000,219000,230000,235000,231000,235000,242500,245000,2.3
BALACLAVA,495000,540000,683000,782500,750000,916000,793500,717500,856000,943500,1033000,7.6
BALCOMBE,450500,453000,476000,520000,539000,660000,725000,686000,712500,742500,870500,6.8
BALLAN,200000,202500,200000,220000,250000,260000,310000,307500,352000,330000,359000,6
BALLARAT CENTRAL,227000,227500,235000,240000,251000,280000,317500,313500,323000,330000,350000,4.4
BALLARAT EAST,177500,175000,190000,195000,206000,225000,245000,255000,264500,265000,275000,4.5
BALLARAT NORTH,217000,208000,222000,215000,230000,272000,275000,280000,296000,312000,312500,3.7
BALNARRING,290000,281500,332500,385000,388500,474000,472500,501000,525000,545000,590000,7.4
BALNARRING BEACH,470000,460000,635000,709000,710000,787500,630000,660000,750000,700000,887500,6.6
BALWYN,746500,845000,1101000,1165000,1278500,1445000,1361000,1300000,1522500,1775000,2200000,11.4
BALWYN NORTH,605000,697000,895000,900000,980000,1134500,1100000,999000,1240000,1451000,1850000,11.8
BANDIANA,108000,117000,117000,369500,365000,347500,367000,345500,339000,355000,377500,13.3
BANNOCKBURN,300000,296000,273500,286000,301500,342500,378000,351500,370000,405000,385000,2.5
BARANDUDA,280000,268000,292000,327000,312000,353000,340000,340000,345000,327500,322000,1.4
BARWON HEADS,376000,420000,463000,490000,500000,612000,607500,632500,747500,710000,771000,7.5
BAXTER,215000,207500,226000,250000,280000,317000,320000,315000,330500,325000,338000,4.6
BAYSWATER,270500,285000,329000,350000,370000,450000,449000,426500,457000,525000,627000,8.8
BAYSWATER NORTH,274000,285000,330000,350000,371500,448500,433500,426500,470000,490000,580000,7.8
BEACONSFIELD,328000,360000,360000,380000,415000,460000,498500,511500,483000,525000,558000,5.5
BEACONSFIELD UPPER,322500,339500,405000,360000,373500,472000,437500,535000,470000,507500,606500,6.5
BEAUFORT,113500,126000,154000,147500,167500,174500,142500,186000,187500,220000,207000,6.2
BEAUMARIS,667500,750000,890000,945000,918500,1110000,1050000,980000,1074000,1125000,1372500,7.5
BEECHWORTH,231500,265000,315000,264000,250000,310500,320000,305000,295000,295000,332000,3.7
BELGRAVE,262500,280000,307500,334000,370000,380000,375000,390000,410000,426000,482500,6.3
BELGRAVE HEIGHTS,287500,336000,335000,337500,363500,425000,382000,399000,430000,480000,595000,7.5
BELGRAVE SOUTH,275000,355000,367500,369000,340000,490000,475000,447500,548000,541000,555500,7.3
BELL PARK,218000,226000,225000,237000,256500,298000,312500,291000,315000,323500,340000,4.5
BELL POST HILL,230000,230000,250000,245000,273500,310000,320000,328000,328000,333500,344500,4.1
BELLBRIDGE,250000,270000,253000,250000,290000,316500,280000,318000,297500,355000,285000,1.3
BELLFIELD (GREATER MELBOURNE),305000,305000,373500,408000,459500,574000,550500,510000,500500,589000,700000,8.7
BELMONT,240000,245000,260000,265000,290000,338000,345000,350000,360000,363000,395500,5.1
BENALLA,185000,206000,203000,210000,210000,220000,225000,218000,228000,235500,223000,1.9
BENDIGO,200000,229500,254000,232000,235000,295000,290000,335000,340000,375000,355000,5.9
BENTLEIGH,502000,535000,720000,714000,742500,905000,875000,820000,900000,1050000,1216500,9.3
BENTLEIGH EAST,401500,445000,565500,595000,630500,760000,720000,680000,750000,849000,993500,9.5
BERWICK,292000,308000,330500,350000,382500,450000,440000,450000,452500,488000,535000,6.2
BEVERIDGE,280000,280000,266500,266500,266500,522500,416500,412500,396000,422500,422500,4.2
BIRCHIP,70000,75000,50000,80000,62000,67500,77000,87500,120000,90000,121500,5.6
BIRREGURRA,172000,176500,209000,246500,250000,230000,260000,274000,255000,337500,302500,5.8
BITTERN,230000,247500,267000,285000,302000,347000,365000,391000,402000,390000,380000,5.1
BLACK HILL,229000,204000,204000,213500,243500,263500,292000,260000,283500,321500,291500,2.4
BLACK ROCK,790000,900000,1030000,1042500,1236500,1390000,1237500,1182500,1225000,1400000,1577500,7.2
BLACKBURN,422500,453000,626500,605000,700000,850000,771000,750000,860500,936000,1190000,10.9
BLACKBURN NORTH,362000,385000,490000,499000,540000,650000,617000,609000,692000,790000,920000,9.8
BLACKBURN SOUTH,380000,401000,495000,510000,545000,670000,639000,632000,700000,780000,920000,9.2
BLACKWOOD,189000,172000,195000,220000,261500,260000,263000,245000,310000,266000,260000,3.2
BLAIRGOWRIE,350000,395000,440000,463000,520000,625000,600000,580000,609000,630000,620000,5.9
BLIND BIGHT,235000,235000,257000,270000,321000,337500,358000,319000,362500,343000,401000,5.5
BONBEACH,365500,416500,442500,491000,505000,585000,552500,540000,577500,630000,700000,6.7
BONNIE DOON,190000,160000,168000,147000,182500,210000,211500,260000,250000,275000,285000,4.1
BOOLARRA,162500,149500,166500,150000,172000,178000,209000,190000,196500,260000,212500,2.7
BOORT,110000,127000,122500,102500,106000,157500,164000,107000,157500,162500,130000,1.7
BORONIA,270000,282500,323000,340500,380000,450000,437000,430000,459500,500000,587000,8.1
BOTANIC RIDGE,0,367000,502500,305000,472500,520000,487500,500000,493500,519000,564000,NA
BOX HILL,487000,573000,651000,730000,780000,874000,920000,825000,870000,1160000,1500000,11.9
BOX HILL NORTH,396000,417500,545000,567000,602500,726000,683000,648500,745000,858000,1056000,10.3
BOX HILL SOUTH,400000,445000,576000,585000,601000,817000,765000,715000,785000,907500,1153000,11.2
BRAYBROOK,220000,226000,283000,341000,375000,447500,439000,396000,424500,478500,550000,9.6
BREAKWATER,194000,179500,199000,210000,227000,251500,252500,242500,255000,251500,267500,3.3
BRIAGOLONG,155000,141000,170000,172000,180000,205000,225000,215000,226000,200000,215000,3.3
BRIAR HILL,341000,363500,382000,410000,450000,575000,545500,541500,575000,627000,681000,7.2
BRIDGEWATER ON LODDON,130000,235000,133000,146500,160000,230000,160000,175000,172500,197500,245000,6.5
BRIGHT,271000,250000,265000,240000,297500,311500,325000,340000,315000,349500,392500,3.8
BRIGHTON,1100000,1242500,1600000,1550000,1685000,1800000,1735000,1787500,1786000,1905000,2272500,7.5
BRIGHTON EAST,712000,767500,960000,980000,1070000,1255000,1100000,1073000,1227500,1300500,1600000,8.4
BROADFORD,190000,199000,210000,210000,223000,250000,259500,268500,290000,267000,267500,3.5
BROADMEADOWS,205000,207000,225000,270000,320000,390000,357000,320000,325000,345000,370500,6.1
BROOKFIELD,269000,260000,264000,277500,307500,333500,341000,332000,330000,350500,340000,2.4
BROOKLYN,265000,269000,319500,400000,400000,480000,485000,470000,491000,540000,598500,8.5
BROWN HILL,185000,215000,197000,200000,228000,257500,258500,300000,310000,286500,270000,3.9
BRUNSWICK,395000,425000,525000,540000,605000,692500,640000,658000,720000,806000,860000,8.1
BRUNSWICK EAST,386500,420000,510000,565000,630000,693000,695000,710000,750000,819500,888000,8.7
BRUNSWICK WEST,394500,418000,558000,547500,600000,717500,695000,650000,745000,790000,862500,8.1
BULLEEN,410000,475500,595000,640000,640000,726000,720000,707000,780000,860000,1054000,9.9
BUNDALONG,254000,290000,350000,305000,430000,390000,500000,385000,337500,336500,370000,3.8
BUNDOORA,295000,320000,360000,383500,413000,500000,489000,480000,530000,553500,600000,7.4
BUNINYONG,243000,252500,229000,249000,270000,322500,307500,376500,349000,385000,359000,4
BUNYIP,211000,255000,275000,280000,282500,290000,342500,342500,332500,325000,420000,7.1
BURNLEY,471500,467500,592500,551000,757500,800000,810000,800000,836000,1100000,999000,7.8
BURNSIDE,274000,280000,285000,310000,345000,395000,410000,385000,390000,401000,420000,4.4
BURNSIDE HEIGHTS,308000,285000,305000,320000,350000,405000,405000,418500,427000,442500,457500,4
BURWOOD,447500,480000,610000,651000,658000,778000,789000,765000,780000,921000,1188000,10.3
BURWOOD EAST,370000,390500,500000,510500,570000,678000,630000,617000,685000,780000,980000,10.2
CAIRNLEA,330000,335000,327000,360000,390000,463000,478500,440000,480000,545000,565500,5.5
CALIFORNIA GULLY,175000,178000,178000,196000,209000,209500,240000,255000,252500,262000,256500,3.9
CAMBERWELL,732000,850000,1036500,1010000,1151000,1323000,1316000,1300000,1383500,1650000,1916500,10.1
CAMPBELLFIELD,248000,245000,264000,286000,320000,380000,360000,330000,330000,338000,374000,4.2
CAMPBELLS CREEK,205000,242500,210000,225000,247500,316000,340000,343500,379000,345000,384000,6.5
CAMPERDOWN,162500,166000,188500,180000,177000,185000,180000,183500,220000,186000,218000,3
CANADIAN,237000,195000,233500,254000,253000,291500,298000,290000,325000,297000,339500,3.7
CANTERBURY,1006000,1200000,1575000,1605000,1675000,1816000,1730000,1790000,1950000,2100000,2481500,9.4
CAPE PATERSON,266500,277000,270000,305000,312000,332500,420000,348000,337000,332000,350000,2.8
CAPE SCHANCK,352500,431000,379000,380000,520000,545000,477500,655000,620000,557500,655000,6.4
CARDIGAN VILLAGE,175000,206000,185000,293500,223500,328500,280000,362000,312500,265000,415000,9
CARISBROOK,157000,155000,145000,150000,151000,205500,134500,192500,218500,238500,200000,2.5
CARLTON,455000,493000,785000,740000,631500,840000,857000,707000,880000,957000,1201000,10.2
CARLTON NORTH,540000,597000,735000,715000,785000,930500,831000,940000,890500,1095000,1177500,8.1
CARNEGIE,493000,575000,723000,717500,776000,870000,900000,836000,863000,995000,1263500,9.9
CAROLINE SPRINGS,285000,295000,310000,325000,364000,408500,420000,427500,435000,460000,480000,5.4
CARRUM,305000,320500,380000,450000,435000,500000,497000,499000,516000,535000,605500,7.1
CARRUM DOWNS,230000,240000,256500,275000,297000,330000,345000,334500,330000,346500,370000,4.9
CASTERTON,90000,106000,93000,115000,101500,117500,106500,110000,97500,99000,100000,1.1
CASTLEMAINE,217500,225000,219500,245000,255000,300000,322500,338000,372500,369500,380000,5.7
CAULFIELD,640000,720000,910000,912500,926000,1180000,1125000,1067500,1172500,1322000,1650000,9.9
CAULFIELD EAST,490000,502500,710000,727500,818000,862500,760000,750000,845000,1168000,1165000,9
CAULFIELD NORTH,780000,917500,1120000,1160000,1180000,1400000,1300000,1320000,1401000,1487500,1867500,9.1
CAULFIELD SOUTH,575000,642500,850000,821000,850000,1004000,903500,890500,1050000,1200000,1375000,9.1
CHADSTONE,357500,405000,494000,549000,570000,660000,626000,595000,711000,821500,939000,10.1
CHARLTON,109500,91500,100000,129000,89000,125000,117000,123000,120000,131000,179500,5.1
CHELSEA,332000,355000,415000,431500,470000,585000,525000,545000,577500,580000,730000,8.2
CHELSEA HEIGHTS,307000,305500,356000,385000,405500,445000,454000,440000,465000,513000,600000,6.9
CHELTENHAM,389500,440000,520000,585000,583500,694000,640000,635000,692500,776000,890000,8.6
CHELTENHAM EAST,370000,400000,468000,501500,533000,630000,580000,545000,600000,670000,770000,7.6
CHELTENHAM NORTH,352500,367500,490500,530000,550000,656500,581500,572500,584000,665000,750000,7.8
CHEWTON,207500,175000,222500,175000,220000,258000,255000,230500,312500,296000,369000,5.9
CHILTERN,178000,195000,177500,179000,227000,189000,202000,208000,171500,187500,220000,2.1
CHIRNSIDE PARK,305000,320000,355000,370000,403500,449500,464000,435000,450000,480000,555500,6.2
CHUM CREEK,225000,230000,290000,355000,290000,400500,402000,334000,350000,500000,435000,6.8
CHURCHILL,120000,125000,130000,137000,150000,172000,170000,176500,182500,175000,172500,3.7
CLARINDA,320000,330000,395500,448500,476000,530000,530000,475500,525000,606500,670000,7.7
CLAYTON,331500,358500,433500,510000,557500,650000,600000,572500,643000,750000,978000,11.4
CLAYTON NORTH,381500,403000,500000,600000,580000,745500,650000,640000,635000,850000,1007500,10.2
CLAYTON SOUTH,300000,313000,380000,425000,463000,551000,511000,467500,520000,580000,662500,8.2
CLIFTON HILL,492500,532500,697500,670000,715000,820000,780000,801500,865000,962500,1080000,8.2
CLIFTON SPRINGS,244500,250000,259000,265000,278000,318000,340000,325000,335500,340000,345000,3.5
CLUNES,147500,137000,165000,163000,164000,187500,199000,196500,219000,237500,245000,5.2
CLYDE,222000,287500,285000,340000,340000,361500,515000,272500,397000,406000,393500,5.9
CLYDE NORTH,0,530000,530000,530000,530000,530000,300000,395000,409000,380000,377000,NA
COBDEN,165000,181000,170000,180000,180000,210000,200000,186500,162500,145000,177000,0.7
COBRAM,182500,207000,219000,225000,225000,213500,205000,220000,218500,230000,235000,2.6
COBURG,365000,379500,472000,516000,530000,640000,607500,592000,632500,710000,775000,7.8
COBURG EAST,300000,331000,390000,391500,469000,540000,510000,466500,560000,599000,690000,8.7
COBURG NORTH,285000,312000,370000,419000,453000,530000,535000,489500,540000,590000,665000,8.8
COCKATOO,220000,250000,260000,275000,290000,312000,325000,332000,353500,365000,385500,5.8
COHUNA,130000,144000,140000,144500,161500,141000,170000,140000,139000,175000,180000,3.3
COLAC,180000,190000,200000,195000,205000,214000,215000,225000,226500,232500,248000,3.3
COLDSTREAM,250000,265000,290000,312000,338500,392500,377500,368000,385000,405000,441000,5.8
COLERAINE,107500,93500,117500,110000,120000,95000,124000,109500,118000,95000,100000,-0.7
COLLINGWOOD,419000,435000,566500,540000,600500,751500,697500,723000,706000,770000,920000,8.2
CONNEWARRE,255000,250000,275000,275000,690000,850000,707500,810000,690500,807500,800000,12.1
COOLAROO,195000,200000,200000,220000,265000,315000,304000,278000,290000,290000,302500,4.5
COONANS HILL,355000,370000,468000,500000,566000,690000,630000,606500,655000,739000,743000,7.7
CORINELLA,226000,250000,210000,265000,277000,325000,282500,290000,347500,267000,346500,4.4
CORIO,165000,170000,175000,178000,196500,225000,225000,230000,230000,242000,240000,3.8
CORONET BAY,175000,179000,180500,217500,205000,245000,261500,222500,251000,249000,240000,3.2
CORRYONG,110000,148000,133500,140000,142500,128000,155000,152500,166500,135000,155000,3.5
COWES,322500,320000,304000,365000,355000,390000,388500,380000,387500,360000,415000,2.6
COWES WEST,246000,257000,265000,290000,277500,316500,350000,345000,320000,350000,329500,3
CRAIGIEBURN,240000,249000,265000,280000,327000,365000,360000,350000,355000,360000,390000,5
CRANBOURNE,208000,218000,242000,265000,280000,326500,325000,313000,315000,331500,355000,5.5
CRANBOURNE EAST,260000,265000,275000,290000,329000,353000,368500,370000,390000,410000,439500,5.4
CRANBOURNE NORTH,227000,230000,246500,275000,320000,355000,362000,368000,370000,378000,420000,6.3
CRANBOURNE WEST,215500,225000,239000,256000,282000,310000,319000,320000,330000,330500,349500,5
CREMORNE,442000,440000,586000,605500,682000,835000,732500,701000,800000,870000,1000000,8.5
CRESWICK,184000,182000,186500,200000,196500,214000,223000,247500,245000,270000,263000,3.7
CRIB POINT,221000,225000,240000,255000,275000,345000,320000,345000,355000,338000,347500,4.6
CROYDON,285000,294000,352500,368000,396500,465000,465000,450000,470000,525000,605000,7.8
CROYDON HILLS,347500,365000,420000,443500,475500,549500,532000,538000,571500,606000,700000,7.3
CROYDON NORTH,340500,347000,395000,421500,467000,525000,505500,520000,540500,600000,700000,7.5
CROYDON SOUTH,284500,280000,318500,360000,391000,455000,435500,436500,442000,530000,600000,7.7
CURLEWIS,0,0,0,220000,220000,220000,220000,220000,386000,382500,375000,NA
DALLAS,195000,191500,209000,230000,290000,320000,306000,276500,280000,295000,321500,5.1
DANDENONG,235000,255000,290000,334500,345500,427500,395000,400000,407500,435000,490000,7.6
DANDENONG NORTH,235500,250000,275000,310000,340000,400000,395000,370000,390000,413500,481000,7.4
DARLEY,236000,230000,249000,232000,257500,330000,318500,340500,330500,360000,379000,4.9
DAYLESFORD,260000,277000,256000,270000,290000,370000,351500,384500,385000,400000,440000,5.4
DEEPDENE,940000,1060000,1435000,1287500,1780000,1930000,2046500,1875000,1981000,2200000,2720000,11.2
DEER PARK,219000,215000,230500,265000,306500,355000,356000,345000,348000,365000,390000,5.9
DELACOMBE,217500,227000,232500,229500,263500,264000,279500,288500,280000,295000,290000,2.9
DELAHEY,245000,240000,264500,280000,310000,365000,370000,360000,372500,370000,399000,5
DENNINGTON,226500,249500,285000,305000,280000,329000,349000,323500,320000,315000,345000,4.3
DERRIMUT,295000,355000,330000,330000,368500,392500,419000,407000,417000,435000,468000,4.7
DIAMOND CREEK,338000,345000,400000,415000,440500,510000,517500,490000,513000,550000,580000,5.5
DIGGERS REST,202500,208000,200000,221500,240000,266500,285000,279000,280000,320000,322500,4.8
DIMBOOLA,87500,83500,85000,79000,92500,85500,107500,90000,89000,90500,109500,2.3
DINGLEY VILLAGE,345000,365000,415000,435000,469500,553000,540000,515000,555000,607000,690000,7.2
DINNER PLAIN,307500,290000,322500,560000,455000,475000,450000,410000,390000,309000,359000,1.6
DON VALLEY,239500,197500,308000,277000,387000,372500,295000,300000,415000,412500,387500,4.9
DONALD,95000,117500,88000,100000,92500,135000,165000,104000,140000,120000,125000,2.8
DONCASTER,425000,475000,590000,616000,685000,788000,765000,720000,850000,991000,1255000,11.4
DONCASTER EAST,416000,453000,549000,569000,628500,750000,720000,685000,789000,893500,1100000,10.2
DONVALE,415000,434000,517000,562500,603000,707500,712500,681000,738000,842500,975500,8.9
DOREEN,245000,352000,375000,369000,375000,430000,460000,450000,415000,430000,450000,6.3
DOVETON,180000,175500,210500,240000,270000,330000,322000,290000,302000,311500,348000,6.8
DROMANA,282000,310000,342000,362500,385000,446500,458500,450000,465500,491000,551000,6.9
DROUIN,199000,212500,210000,220500,243000,276000,289000,290000,300000,311000,320000,4.9
DRUMCONDRA,625000,420000,554000,486000,514000,715500,800000,744000,802500,742000,760000,2
DRYSDALE,256500,257500,289000,270000,306000,356000,420500,360000,385000,399000,414500,4.9
DUNKELD,150000,200000,165000,140000,210000,180000,245000,179000,210000,170000,187500,2.3
DUNOLLY,115000,129500,135000,137500,132500,120000,142500,159000,182500,170000,167500,3.8
EAGLE POINT,240000,205500,275000,242000,239000,236000,301500,233500,227000,281500,335000,3.4
EAGLEHAWK,186500,195000,190000,197000,215000,225000,240000,260000,264000,274500,283000,4.2
EAGLEMONT,797500,850000,916500,1198000,1453500,1360000,1500000,1343500,1340000,1522500,1714000,8
EAST BAIRNSDALE,160000,185000,162500,175000,195000,195000,176500,190000,226000,160000,199000,2.2
EAST BENDIGO,214000,217500,235000,217000,225500,254000,266000,295000,285000,330000,300000,3.4
EAST GEELONG,250000,261000,316000,318000,334000,400000,402500,395000,450000,426000,440000,5.8
EAST MELBOURNE,1285000,1145000,1525000,1650000,1510000,1621000,1550000,2540000,1790000,1875000,2100000,5
EAST WARBURTON,187000,196500,253500,262000,250000,285000,330000,282500,289500,275000,305000,5
EASTWOOD,290000,295000,292500,320000,310000,330000,334000,332000,335000,342000,332500,1.4
ECHUCA,232500,244000,250000,245000,255000,265000,278000,270000,283500,285000,300000,2.6
EDENHOPE,126500,120000,150000,167500,83000,132500,100000,106000,160000,130000,112500,-1.2
EDITHVALE,350000,390000,465000,483500,485000,612500,590000,622500,615000,670000,765000,8.1
EILDON,140000,150000,149500,152000,176000,190000,180000,185000,210000,205000,208500,4.1
ELLIMINYT,199000,220000,240500,276500,256500,335000,260000,323000,332000,314000,318000,4.8
ELMORE,138500,112500,130000,122500,162000,173000,188000,160000,167000,176000,200000,3.7
ELSTERNWICK,675000,758500,970000,866000,985000,1240000,1200000,1108000,1357500,1315000,1574000,8.8
ELTHAM,390000,425500,463500,503000,522000,610000,630000,591500,631500,670000,750000,6.8
ELTHAM NORTH,402000,400000,477500,506000,499500,621000,627000,580500,621000,680000,743000,6.3
ELWOOD,752500,795000,1007500,1055000,1110000,1325000,1150000,1255000,1300000,1400000,1605000,7.9
EMERALD,308000,306500,321500,347000,372500,435000,415000,410500,440000,455000,502000,5
ENDEAVOUR HILLS,259000,267500,294500,325500,355000,400000,400000,390000,400000,433500,496500,6.7
EPPING,260000,260000,285000,305000,342000,380000,385000,365000,366500,386500,400000,4.4
EPSOM,246500,256000,260000,250000,260000,275000,325000,315000,322500,342500,340000,3.3
ESSENDON,510000,540000,712000,749000,780000,925000,875000,910000,860000,926500,1180500,8.8
ESSENDON NORTH,418000,410000,469000,590000,651000,815500,690000,686000,725000,840000,804000,6.8
ESSENDON WEST,427500,409000,520000,625000,680000,730000,742500,720000,720000,785000,920000,8
EUMEMMERRING,209000,238500,230000,290000,320000,376000,350500,327500,353000,365000,402000,6.8
EUREKA,207000,195500,197500,195000,241000,245000,257500,237000,243500,238500,247500,1.8
EUROA,160000,158000,170000,182000,170000,167000,185000,215000,208000,230000,235500,3.9
EYNESBURY,0,0,191000,248000,525000,295000,360000,400000,390500,390000,403500,NA
FAIRFIELD,460000,518500,680000,654000,677500,810000,783500,820000,900000,930000,1110000,9.2
FAIRHAVEN,510000,635000,635000,755000,725000,866000,715000,990000,785000,955000,782000,4.4
FAWKNER,261000,258000,300500,344000,381500,460000,439000,408000,409500,443000,510000,6.9
FERNTREE GULLY,272000,290000,318000,348500,379500,449000,430000,428500,451000,505000,591000,8.1
FERNY CREEK,365000,310000,400000,459000,475000,580000,525000,456000,497500,492500,621000,5.5
FINGAL,330000,246000,642000,485000,520000,515000,700000,600000,677500,730000,855000,10
FITZROY,513500,600000,712000,744000,780000,801000,920000,849500,890000,1105000,1295000,9.7
FITZROY NORTH,490000,555500,685000,720000,740000,900000,852500,840000,945000,1010000,1149500,8.9
FIVEWAYS,241500,290000,243500,246000,320000,310000,290000,343500,355000,315000,380000,4.6
FLEMINGTON,386000,400000,512500,556000,580500,670000,657000,652000,741000,730000,822500,7.9
FLINDERS,526500,705000,655000,680000,655000,760000,822000,710000,730000,808000,825000,4.6
FLORA HILL,220000,225500,232000,234500,225000,267000,285000,309000,310000,323500,321000,3.9
FOOTSCRAY,314500,340000,410000,440000,505000,555000,552500,565000,593500,645000,688500,8.2
FOREST HILL,350000,360000,475000,465000,503000,615000,560000,564000,650500,720500,890000,9.8
FORREST,166000,200000,200000,110000,260000,175000,220000,202500,217500,300000,240000,3.8
FOSTER,200000,233000,205000,245000,222000,265000,265000,270000,298000,315000,325000,5
FRANKSTON,237500,245500,280000,303000,315000,366000,357500,338000,350000,372000,426000,6
FRANKSTON NORTH,169000,175500,210000,227000,237000,280000,277000,245000,255000,269000,297000,5.8
FRANKSTON SOUTH,343500,353000,395000,423000,453000,525000,530000,510000,535000,555000,607000,5.9
GARDEN CITY,555000,622500,800000,896000,900000,1062500,912500,965000,1055000,1055000,1320000,9.1
GARFIELD,235000,238000,227000,270000,275000,345000,340000,335000,405000,355000,370000,4.6
GEELONG,334000,319000,352000,360000,382000,462500,495500,462500,500000,511500,599000,6
GEELONG WEST,256500,264000,298000,322500,345000,385000,405000,410000,440000,469000,490000,6.7
GEMBROOK,229000,255000,270000,305000,300000,340000,385000,349000,344000,400000,440000,6.7
GISBORNE,270000,280000,310000,327500,361000,400000,435000,429500,495000,510000,549000,7.4
GLADSTONE PARK,265000,270500,285000,324500,354000,426500,385000,380000,392500,400000,460000,5.7
GLEN HUNTLY,510000,490000,827000,740000,835500,917500,805000,792500,955000,1135000,1243000,9.3
GLEN IRIS,702000,790000,969500,1000000,1007000,1320000,1191500,1200000,1310000,1500000,1802000,9.9
GLEN WAVERLEY,419000,450000,580000,600000,660000,735000,710000,720000,815000,958000,1218000,11.3
GLENGARRY,168000,204000,209000,187000,225000,250000,231000,232000,232500,283000,286000,5.5
GLENROY,275000,280000,319000,375000,420000,506000,452500,439000,453000,499000,558000,7.3
GOLDEN BEACH,125000,158500,150000,172000,152500,150000,229000,206000,169500,172500,180000,3.7
GOLDEN POINT (BALLARAT),181000,187500,197500,197000,210000,250000,258000,250000,265000,265000,258000,3.6
GOLDEN SQUARE,200000,201500,214500,212500,223000,261000,270000,287000,295000,305000,305000,4.3
GORDON,198000,190000,215500,230000,262500,290000,300000,229500,278000,303000,297500,4.2
GOUGHS BAY,159000,185000,174000,175000,183000,193000,180000,220000,257500,247500,265000,5.2
GOWANBRAE,300500,360000,360000,414500,450000,535000,555500,467500,616500,560000,581000,6.8
GRANTVILLE,226000,180000,185000,198500,218000,254000,235000,245000,220000,255000,252500,1.1
GREEN LAKE,183000,162500,157500,205000,230000,230000,247500,247500,260000,254500,281500,4.4
GREENSBOROUGH,334500,356500,391500,405000,440000,530000,513500,490000,534500,573000,635000,6.6
GREENVALE,390000,400000,405000,427500,476000,517500,540000,537000,550000,539000,540000,3.3
GROVEDALE,252500,253000,267500,285000,292000,335000,345000,340000,352000,362000,370000,3.9
HADFIELD,281500,283000,325000,375500,418500,530000,482000,430000,453000,500000,551500,7
HALLAM,238000,243000,265000,308000,329000,365000,360000,360000,364000,382000,424000,5.9
HALLS GAP,244000,260000,233000,315000,230000,257500,255000,233500,184500,224500,245000,0
HAMILTON,189500,194500,193500,205000,190000,206500,217500,194000,195000,200000,200000,0.6
HAMLYN HEIGHTS,236000,228500,240000,272500,295000,345000,348500,339000,363500,366500,384000,5
HAMPTON,676500,845000,1080000,1060000,1100000,1268000,1250000,1200000,1270000,1337500,1623000,9.1
HAMPTON EAST,443500,485000,655000,639000,654500,812500,745000,730000,770000,862500,1025000,8.7
HAMPTON PARK,220000,220500,248500,270000,295000,333000,335000,320000,330000,337500,370000,5.3
HARCOURT,175000,195000,185000,227000,214000,350000,254000,294000,292000,358000,295000,5.4
HARKAWAY,270000,315000,324000,357500,389000,440000,490000,522500,552500,502500,550000,7.4
HASTINGS,219000,225000,260000,280000,300000,355000,350000,345000,345000,368000,365000,5.2
HASTINGS WEST,178000,170000,186500,230000,229500,268500,272000,275000,280000,277000,299000,5.3
HAWTHORN,714000,840000,1105000,1295000,1159500,1275000,1259000,1383500,1553500,1592500,1932500,10.5
HAWTHORN EAST,672000,837500,1100000,1007500,1128500,1392500,1190000,1296500,1110000,1554000,1800000,10.4
HEALESVILLE,239000,250000,295000,312500,312500,357500,380000,380000,385000,400000,450000,6.5
HEATHCOTE,165000,163500,151500,150000,190000,217000,210000,220000,227500,260000,240000,3.8
HEATHERTON,468500,453000,498500,575000,569000,625000,632000,630000,630000,712000,771000,5.1
HEATHMONT,315500,332500,370500,417000,435000,538000,508000,525000,589000,638000,763000,9.2
HEIDELBERG,453500,485000,600000,632500,682000,820000,767500,750000,780000,850000,1035000,8.6
HEIDELBERG HEIGHTS,324500,330000,385000,400000,460500,552000,537500,500000,536000,580000,670000,7.5
HEIDELBERG WEST,255000,260000,320000,331500,372000,477500,420000,400000,425500,464000,580000,8.6
HEPBURN,223500,222500,240000,270000,315000,317000,310000,275000,291000,330000,395000,5.9
HEPBURN SPRINGS,256000,250000,257500,261000,343500,298500,308000,310000,340000,350000,375000,3.9
HERNE HILL,225000,222500,238500,250000,280000,322000,325000,321000,350000,357000,368500,5
HEYFIELD,102000,129000,119500,144500,155000,155000,175000,171500,200000,180000,182500,6
HEYWOOD,125000,162500,160000,138000,149000,172000,167500,153000,142000,150000,173000,3.3
HIGHETT,415500,455000,575000,602000,647500,743000,710000,675000,746000,850000,991000,9.1
HIGHTON,320000,340000,340000,342500,385000,435000,450000,460000,479000,510000,505000,4.7
HILLSIDE (MELTON),287500,280000,306000,320000,355000,418500,410000,420000,430000,441500,471000,5.1
HOPETOUN,55000,76500,85000,75000,73500,63000,55500,81000,88000,95500,75000,3.2
HOPPERS CROSSING,227000,225000,235000,260000,283000,327500,327500,312500,322000,340000,365000,4.9
HORSHAM,170000,170000,175000,180000,175500,186000,210000,220000,215000,215000,240000,3.5
HUGHESDALE,420000,478500,617000,617500,671000,838000,725000,741000,817500,856000,1165000,10.7
HUNTINGDALE,331000,370000,514500,500000,560000,642500,610000,590000,659000,728000,855500,10
HUNTLY,230000,242000,226000,200000,261000,269500,250000,255000,337500,325000,356500,4.5
HURSTBRIDGE,321000,332000,366500,377500,402000,491000,457500,445000,482000,482000,547500,5.5
INDENTED HEAD,248500,278500,293000,305000,321500,360000,347000,425000,390000,384000,380000,4.3
INGLEWOOD,98000,100000,115000,120000,130000,170000,208500,186500,160000,145000,200000,7.4
INVERLEIGH,185000,182500,235000,230000,235000,230000,327500,246500,319500,321500,355000,6.7
INVERLOCH,287500,292500,318000,332000,379000,422500,450000,422500,429000,440000,425000,4
INVERMAY PARK,305000,300000,320000,285000,305000,337500,363500,370000,378000,387000,405000,2.9
IRONBARK,205000,197500,194500,251000,226500,232000,287000,280000,276000,280000,319000,4.5
IRYMPLE,215000,220000,227500,208000,215000,213500,228000,215000,248000,228500,269000,2.3
IVANHOE,575000,602500,755500,815000,791000,1025000,1035500,927500,1080000,1203000,1286000,8.4
IVANHOE EAST,738500,782000,970000,1177500,958000,1415000,1295000,1200000,1310000,1513000,1550000,7.7
JACANA,205000,214000,220000,275000,315000,391000,342500,310500,334000,345000,374500,6.2
JACKASS FLAT,232500,180000,229000,229000,262000,275000,255000,357500,287500,360000,333500,3.7
JAMIESON,168000,183500,177000,191500,193500,242500,218000,267500,205000,222500,252000,4.1
JAN JUC,370000,358000,429500,482500,467000,542500,590000,570000,557500,595000,620000,5.3
JEERALANG NORTH,110000,120000,115000,107500,161500,152000,129000,159500,145500,187000,175000,4.8
JEPARIT,75000,74000,75000,59500,66500,66000,101500,59000,80500,63000,89000,1.7
JOLIMONT,1750000,2108000,1950000,1500000,2180000,2300000,1660000,2700000,2625000,2762500,2350000,3
JUNCTION VILLAGE,205000,200000,232500,256500,276500,314500,287500,300000,312000,320000,370000,6.1
JUNORTOUN,182000,259000,360000,369000,431500,420000,430000,465000,490000,508500,395000,8.1
KALIMNA,255000,210000,247000,224000,266500,265000,312500,268000,230000,285000,293500,1.4
KALLISTA,292500,315000,355000,380500,410000,450000,482000,452500,425000,465000,523000,6
KALORAMA,309500,290000,337500,372500,350000,442500,440000,420000,442500,451000,496000,4.8
KANGAROO FLAT,207500,220000,217000,220000,233000,251000,269500,284500,292000,300000,304000,3.9
KANGAROO GROUND SOUTH,436500,420000,446000,482500,515000,679500,606500,631000,600000,655000,650000,4.1
KANIVA,68000,90000,88500,88500,96000,94000,90000,79000,75000,87500,100000,3.9
KEALBA,237500,238000,269000,295000,313500,385500,372500,375000,370000,390000,400000,5.4
KEILOR,396500,390000,450000,498000,510000,603000,570000,580000,572500,633000,703000,5.9
KEILOR DOWNS,266500,275000,295000,320500,370000,423000,405000,400000,400000,429000,493000,6.3
KEILOR EAST,331000,329000,374000,410000,454000,580000,585000,527500,560000,599000,655000,7.1
KEILOR LODGE,393500,320500,338000,386000,415000,460000,520000,480000,490000,500000,555500,3.5
KEILOR PARK,318000,305000,326000,360000,407500,514500,500000,480000,455000,510000,564000,5.9
KENNINGTON,230000,230000,244000,225000,263000,293500,305000,300000,351500,345000,335000,3.8
KENSINGTON,400000,435000,520000,514000,570000,672500,647500,649000,690000,730000,835000,7.6
KERANG,118000,157500,140000,144000,147500,147500,146000,150000,148500,142500,152000,2.6
KEW,751000,868000,1300000,1225000,1365000,1650000,1640000,1500000,1751000,1967500,2043500,10.5
KEW EAST,600000,641500,925000,872500,932000,1070000,1056000,1005000,1210000,1314000,1555500,10
KEW NORTH,650000,722500,951000,875000,940000,1163000,1071000,995500,1260000,1301000,1635000,9.7
KEYSBOROUGH,262000,275000,300000,360000,375000,417500,430000,425000,440000,456000,562000,7.9
KIALLA,312500,330000,361500,327000,320000,335000,360000,318500,360000,365000,367500,1.6
KILCUNDA,197500,295000,387500,270000,292500,347500,330000,350000,375000,320000,400000,7.3
KILLARA (WODONGA),226000,237000,253500,156000,212500,212500,212500,116500,355000,399500,350000,4.5
KILMORE,235000,257500,246500,250000,273500,327500,325000,312000,325000,319000,336500,3.6
KILSYTH,270000,280000,317000,350000,367500,426500,430000,415000,435000,460000,540500,7.2
KILSYTH SOUTH,344000,385000,393000,475000,437000,515500,520000,501000,535000,575000,676000,7
KINGLAKE,193000,209000,240000,250000,265000,267500,306500,310000,330000,318000,340000,5.8
KINGS PARK,212500,213000,225000,250000,285000,340000,330000,324000,315000,325000,355000,5.3
KINGSBURY,280500,292500,338500,387500,422000,519000,475000,435000,469000,502500,560000,7.2
KINGSVILLE,363000,391000,491500,458500,543500,630000,599500,597500,635000,701500,780000,8
KNOXFIELD,285000,300000,355000,368000,420000,472000,481000,465000,500000,562500,687000,9.2
KOO WEE RUP,217000,218000,225000,251500,280000,297000,334000,320000,315000,335000,343500,4.7
KOONDROOK,120000,143000,140000,155000,139000,239500,150000,165000,147500,155000,198500,5.2
KOROIT,208000,210000,240000,254000,210000,236000,266000,287000,275000,300000,292500,3.5
KORUMBURRA,175000,187000,179000,200000,215000,234000,240000,240000,237000,222500,261500,4.1
KURUNJANG,190000,205000,214000,231500,242000,289000,300000,283000,287000,280000,288500,4.3
KYABRAM,175000,187000,195000,210000,195000,210000,200000,217500,237000,235000,240000,3.2
KYNETON,214000,215000,240000,246000,268500,330000,370000,372500,367000,403000,425500,7.1
LAKE BOGA,145000,130000,177000,130000,149000,187000,212500,185000,200000,145000,210000,3.8
LAKE GARDENS,295500,310000,307000,342000,350000,387000,400500,385000,445000,445000,461000,4.5
LAKE TYERS BEACH,207500,228500,250000,255000,235000,286000,285000,274000,270000,354000,330000,4.7
LAKE WENDOUREE,362500,353500,473500,403000,404000,550000,630000,545000,634000,650000,690000,6.6
LAKES ENTRANCE,228000,245000,255000,237500,260000,256500,300000,252500,267500,255000,255500,1.2
LALOR,240000,250000,267500,295000,335000,385000,380000,360000,365000,385000,445000,6.4
LANCEFIELD,220000,238000,227500,243000,260500,281000,321000,315000,380000,362000,360000,5
LANG LANG,195000,202000,215000,245000,254000,260000,310000,277500,285000,295000,320000,5.1
LANGWARRIN,250000,268500,290000,315000,331500,394000,385000,375000,385000,420000,450000,6.1
LARA,246000,250000,260000,273500,282000,325000,327500,335000,350000,340000,348000,3.5
LARA LAKE,265000,275000,274500,277000,303000,338500,355000,355000,361000,394000,375000,3.5
LAUNCHING PLACE,230000,235500,270000,280000,284000,355000,343500,340000,330000,337500,366000,4.7
LAVERTON,185500,185000,220000,265000,310000,351500,340000,320000,325000,360000,377000,7.3
LAVERTON SOUTH,260000,270000,290000,324500,355000,405000,400000,390500,392500,420000,450000,5.6
LENEVA,380000,339000,110000,360000,324000,394000,362000,382000,342000,356000,370500,-0.3
LEONGATHA,219000,235000,220000,240000,253000,285000,280000,287500,300000,295500,305000,3.4
LEOPOLD,250000,262500,277500,282000,309000,340000,340000,350000,360000,367000,365000,3.9
LILYDALE,290000,325000,335000,361500,390000,440000,456000,420000,466500,482500,535000,6.3
LINDENOW,210000,180000,167500,180500,123500,162500,175000,249500,200000,226000,212500,0.1
LINTON,125000,174000,130000,164500,175000,152500,168500,187500,163500,208000,152000,2
LISMORE,95500,118000,120000,100000,110000,134000,145000,132500,110000,109000,115000,1.9
LOCH SPORT,144000,155000,140000,149500,151000,170000,165000,165000,169000,153500,145000,0.1
LOCKINGTON,135000,120000,150000,155000,124000,158000,146500,165000,175000,174000,220000,5
LONG GULLY,167000,175000,171000,174000,180000,210000,220000,220000,232000,255000,244000,3.9
LONGWARRY,185000,165000,205000,197000,246500,262000,275000,286500,289500,297500,302000,5
LORNE,656500,705000,755000,780000,752500,780000,832500,800000,855000,815000,876500,2.9
LOVELY BANKS,257000,303500,302500,350000,353500,365000,385500,402000,360500,406500,388500,4.2
LOWER PLENTY,410000,411000,445500,483000,559000,640000,590000,620000,685000,675000,780000,6.6
LUCAS,0,0,0,0,0,0,0,292500,348000,355000,389500,NA
LUCKNOW,205000,208000,182500,243500,227500,234000,247500,200000,235000,229000,230000,1.2
LYNBROOK,286000,307000,327000,341000,380000,411000,424500,415000,430000,460000,500000,5.7
LYNDHURST,360000,321500,330000,339000,357000,435000,441500,450000,465000,482500,545000,4.2
LYSTERFIELD,345000,396500,420000,463000,496000,640000,642500,643500,681500,670000,772000,8.4
LYSTERFIELD SOUTH,630000,550000,737500,685000,808000,1027500,1000000,830000,931500,1000000,1018500,4.9
MACEDON,285000,305000,345000,360000,393000,473000,434500,525000,480000,460000,532500,6.5
MACLEOD,335000,342500,402000,435000,480000,644000,600000,555000,650000,710000,748000,8.4
MADDINGLEY,227000,218500,265000,265000,258000,290000,300000,308000,316500,320000,330000,3.8
MAFFRA,170000,165000,177000,190000,200000,230500,230000,235000,226500,217500,227500,3
MAIDEN GULLY,265000,280000,308500,330000,336500,385000,408500,424000,440000,415000,430000,5
MAIDSTONE,295000,310000,400000,440000,460000,540000,539000,490000,531000,589500,628000,7.8
MALDON,215000,240000,217500,235000,245000,280000,267500,279500,315000,327500,339000,4.7
MALLACOOTA,271000,260000,250000,244000,272500,300000,278000,267500,285000,280000,268500,-0.1
MALMSBURY,189000,202500,222500,266500,247500,314000,300000,332500,292500,317500,410000,8.1
MALVERN,936000,995000,1405000,1363000,1550000,1740000,1540000,1512500,1470000,1917500,2210000,9
MALVERN EAST,657500,705000,868500,955500,951000,1105500,1100000,1037500,1190000,1385500,1605000,9.3
MANIFOLD HEIGHTS,292500,313000,292500,370000,410500,401000,447500,425000,532500,489000,489500,5.3
MANOR LAKES,280000,287500,279000,289000,311500,349000,360000,345000,341000,360000,370500,2.8
MANSFIELD,259500,235000,245000,230500,250000,280000,300000,315000,357500,347000,359000,3.3
MARIBYRNONG,370500,449000,542000,550000,607500,682000,630000,614000,705500,750000,835000,8.5
MARONG,185000,241500,195000,165000,219000,257500,285000,312500,310000,350000,367500,7.1
MARSHALL,239500,252500,268000,270000,298500,367500,322500,365000,360000,382500,377000,4.7
MARYBOROUGH,135000,140000,130000,140000,152000,160000,180000,182500,194000,200000,186000,3.2
MARYSVILLE,227500,245000,271500,245000,240000,340000,395500,145000,180000,125000,125000,-5.8
MCCRAE,315000,360000,376000,435500,424000,560000,623000,555000,530000,535000,600000,6.7
MCKENZIE HILL,255000,300000,325000,275000,306000,350000,394000,465000,365000,140000,158500,-4.6
MCKINNON,535000,634500,798000,793500,869000,970000,900000,944000,1025000,1215000,1446000,10.5
MEADOW HEIGHTS,232000,233000,240000,255000,300000,345000,321500,315000,316500,322000,350000,4.2
MELTON,173000,175000,182000,205000,218000,250000,256000,250000,245000,240000,255000,4
MELTON SOUTH,168500,172500,178000,195000,218000,248500,245500,230000,240000,242500,265000,4.6
MELTON WEST,215000,220500,222000,249000,265000,292000,311000,308500,310000,305000,323500,4.2
MENTONE,462500,506000,599500,643000,590000,680000,690000,651000,700000,805000,950000,7.5
MENZIES CREEK,320000,317000,365000,372500,343000,482500,475000,465000,515000,428000,580000,6.1
MERBEIN,149000,145000,156500,158500,151000,161000,157000,142500,140500,166500,180000,1.9
MERINDA PARK,200500,196500,210500,240000,277000,300000,305000,285000,310000,310000,345000,5.6
MERNDA,258000,309000,334000,323000,350000,389500,395000,374000,375000,370000,411500,4.8
MERRICKS BEACH,600000,590000,650000,815000,630000,690000,880000,716500,597500,952500,842500,3.5
METUNG,284000,260000,244000,230000,260000,302000,267500,350000,337500,310000,309500,0.9
MICKLEHAM,350000,0,0,0,0,0,0,0,0,440500,380000,0.8
MIDDLE PARK,917500,900000,1342500,1410000,1300000,1500000,1322500,1426000,1600000,2125000,2317000,9.7
MILDURA,190000,199000,211500,200000,205000,220000,222000,225000,225500,245000,252000,2.9
MILL PARK,283000,282000,307500,327500,366000,419000,410000,405000,408000,430500,485000,5.5
MILLGROVE,165500,174000,188000,211000,216500,234000,235000,235000,245000,261000,272500,5.1
MINERS REST,230000,252000,269000,265000,280000,320000,339000,325000,330500,328000,335000,3.8
MINYIP,34500,66000,65000,80000,86500,85000,82500,81000,73500,95000,94000,10.6
MIRBOO NORTH,175000,164500,220000,209500,227500,244000,257000,252000,265000,250000,262000,4.1
MITCHAM,355500,365000,460000,468500,506000,627500,590500,583000,650000,730000,887000,9.6
MITCHELL PARK,200000,188500,191000,228000,229000,257000,247500,270000,281000,254500,260000,2.7
MOE,118500,125000,130000,126500,135000,150000,165000,165000,155000,170000,164000,3.3
MOGGS CREEK,460500,410000,680000,925000,607500,636000,580000,650000,690000,690000,670000,3.8
MONBULK,250000,264000,303000,316000,325500,420000,392500,380000,395000,425000,471500,6.6
MONT ALBERT,673500,705000,955000,1105000,1068500,1310000,1310000,1177500,1316000,1490000,1835500,10.5
MONT ALBERT NORTH,492000,525000,725000,681500,795000,970000,837500,780000,995000,1100000,1355000,10.7
MONTMORENCY,332500,355000,415000,430000,474000,580000,570000,560000,570500,617000,730000,8.2
MONTROSE,280000,293000,332500,358000,387000,439000,435000,426000,445000,476500,560000,7.2
MOONEE PONDS,459000,525000,620000,655000,678500,849000,772500,770000,825000,905000,997000,8.1
MOORABBIN,384000,430000,517500,535000,587500,706500,652000,630500,683500,767000,855000,8.3
MOOROOLBARK,277000,286500,325000,349000,370000,445000,435000,425000,440000,470000,560000,7.3
MOOROOPNA,186000,210000,202500,200000,205000,222000,215000,217500,207000,215000,230000,2.1
MORDIALLOC,376500,400000,491000,535000,568000,645000,640000,640000,680000,752500,850000,8.5
MORNINGTON,314500,345000,365000,405000,426000,510000,520000,504500,525000,560000,630000,7.2
MORTLAKE,135000,150000,135000,156000,156000,150000,146000,152000,129500,152500,120000,-1.2
MORWELL,118500,123000,127500,135000,140000,153000,159500,150500,160000,150000,150000,2.4
MOUNT BEAUTY,158500,175000,180000,190500,180000,195000,173000,140000,180000,200000,189500,1.8
MOUNT CLEAR,220000,233000,239000,227500,235500,265000,286000,305000,286000,291000,322000,3.9
MOUNT DANDENONG,305000,337500,375500,442500,450000,476000,447500,476500,450000,610000,605000,7.1
MOUNT DUNEED,0,0,0,0,0,267000,190000,480000,286000,532000,545000,NA
MOUNT ELIZA,490000,499000,550000,576000,621500,730000,722500,680000,750000,775000,830000,5.4
MOUNT EVELYN,266000,271000,297000,332000,340000,388000,400500,393000,406000,430000,494000,6.4
MOUNT HELEN,250000,258000,266000,280000,307500,309500,355000,325000,344000,367500,355000,3.6
MOUNT MACEDON,500000,410000,415000,424000,460000,520000,525000,543000,670000,600000,642500,2.5
MOUNT MARTHA,415000,480000,501000,555000,605500,705500,690000,715500,727500,725000,767000,6.3
MOUNT PLEASANT,197000,176000,179000,212500,211000,239000,248500,259000,287000,269500,293500,4.1
MOUNT WAVERLEY,425000,462000,603500,650000,690000,800000,745000,733500,819000,950000,1269000,11.6
MULGRAVE,332500,355000,420500,455500,477500,550000,530500,531000,575000,627000,765000,8.7
MURCHISON,143000,158000,160000,180000,166500,177500,165000,183000,186000,155000,165000,1.5
MURRUMBEENA,506500,543000,645500,709000,755500,840000,790000,777500,870000,983000,1200000,9
MURTOA,80000,75000,77000,83000,92500,85000,133000,108500,95000,110000,91000,1.3
MYRTLEFORD,198000,225000,231500,192000,194000,179000,219000,213000,220000,245000,240000,1.9
NAGAMBIE,155000,212500,225500,235000,210500,351500,248000,255000,315000,378000,360500,8.8
NARRE WARREN,242000,259500,272000,300000,321500,369000,363000,356000,370000,385500,430000,5.9
NARRE WARREN NORTH,362000,403500,481000,550000,664000,710000,730000,660000,687000,831500,780000,8
NARRE WARREN SOUTH,283000,299000,310000,335000,360500,405000,405000,405000,410000,440000,480000,5.4
NATHALIA,130000,150000,160000,145500,165000,155000,150000,205000,165000,190500,178000,3.2
NEERIM SOUTH,239000,179500,201500,250000,262500,240000,275000,265000,340000,342500,280000,1.6
NERRINA,235000,185000,233000,400000,300000,381000,387000,467500,455000,482500,522500,8.3
NEW GISBORNE,310000,377500,357000,347500,368000,465000,492000,475000,495000,515000,498000,4.9
NEWBOROUGH,145500,156500,160500,171500,173000,197000,186000,213500,211500,217500,220000,4.2
NEWCOMB,189500,190000,214000,210000,228000,280000,275000,275000,280000,292000,290500,4.4
NEWINGTON,221500,245000,257500,237000,253500,290500,290000,300000,320000,346500,345000,4.5
NEWLANDS ARM,252000,144500,263500,218000,280000,300000,332000,325000,320000,302000,275000,0.9
NEWPORT,386000,422000,505000,521000,555000,651500,680000,630000,692500,740000,810000,7.7
NEWSTEAD,134000,196500,192500,195000,197500,237500,243000,252000,300000,297500,365000,10.5
NEWTOWN (GEELONG),360500,357000,405000,403000,405500,554500,530500,523000,567500,620000,635000,5.8
NHILL,86000,94000,84000,109000,124000,101500,107000,111000,110000,125000,126000,3.9
NIDDRIE,392500,420000,470000,568500,595000,729500,742500,666000,700000,750000,827500,7.7
NOBLE PARK,240500,250000,280000,316000,350000,415000,410000,381000,400000,440000,510000,7.8
NOBLE PARK NORTH,240000,262000,280000,314000,350000,415000,395000,370000,383000,420000,493500,7.5
NORLANE,135500,139500,148000,151500,160000,190000,205000,209000,202500,215500,217000,4.8
NORTH BENDIGO,180000,183500,195000,185000,206000,218000,230000,266000,270000,280000,286000,4.7
NORTH GEELONG,216000,223000,235000,238000,255000,308500,290000,289000,277000,302000,337500,4.6
NORTH MELBOURNE,450000,506500,575000,610000,610000,780000,740000,767000,760000,828000,900000,7.2
NORTH WONTHAGGI,203000,207000,222500,245000,262500,285000,287000,257000,230000,268000,276500,3.1
NORTHCOTE,423500,460000,587000,620000,665500,820000,760000,770000,801000,936000,1008500,9.1
NOTTING HILL,320000,325500,427000,450500,485000,563000,521000,547000,565000,660000,780000,9.3
NUMURKAH,162500,178000,195000,182000,173000,178000,191500,201000,195000,215000,218000,3
NUNAWADING,341000,361000,451500,466000,507000,641500,585000,590000,635000,720000,880000,9.9
NYAH WEST,139000,152500,105500,77000,89000,97500,70000,116500,94000,107500,135000,-0.3
NYORA,190000,170000,207500,195000,182500,237500,215000,225000,222500,265000,245000,2.6
OAK PARK,340000,360000,431000,470000,500000,630000,571000,550000,576500,628500,663000,6.9
OAKLEIGH,411000,430500,556000,567000,618000,715500,699500,628500,655000,801500,989000,9.2
OAKLEIGH EAST,355000,390000,485500,514500,551000,676500,640000,610000,652500,812500,1050500,11.5
OAKLEIGH SOUTH,342000,385500,474000,482500,533500,630000,615000,590000,603000,700000,830000,9.3
OCEAN GROVE,320000,324500,350000,395000,387500,428000,475000,465000,457500,515000,518500,4.9
OFFICER,305000,263000,400000,127000,340000,385000,396000,429000,342000,339000,435000,3.6
OLINDA,306000,317500,342000,360000,378500,452500,520000,445000,496000,520000,542000,5.9
ORBOST,130000,138500,142500,165000,155000,181000,151500,150000,156000,150000,145000,1.1
ORMOND,530000,645000,811000,791000,805500,970000,912500,857500,994000,1187500,1300000,9.4
OSBORNE,312500,330000,360000,380000,422500,465500,490000,507500,530000,541000,578000,6.3
OUYEN,75000,65000,82500,97500,110000,103000,110000,116500,75000,77500,103000,3.2
PAKENHAM,232000,245000,260000,275000,305000,335000,340000,335000,335500,350000,365000,4.6
PARADISE BEACH,154000,150000,132500,134000,170000,152500,159500,212500,163500,178000,188500,2
PARK ORCHARDS,582500,580000,690000,781000,814000,945000,920000,951000,952500,1103000,1225000,7.7
PARKDALE,422000,505000,625000,615000,622500,750000,755000,678500,753500,857000,960000,8.6
PARKVILLE,850000,842500,845000,1085000,1300000,1175000,642500,690000,1186000,1467500,1315000,4.5
PASCOE VALE,345000,347500,420000,450000,502000,595000,562500,535000,579000,655000,711000,7.5
PASCOE VALE SOUTH,368000,382500,442000,506500,550000,655000,607500,627500,645500,700000,740000,7.2
PATTERSON GARDENS,384000,450000,470000,490000,523000,582500,605000,610000,629000,672000,737500,6.7
PATTERSON LAKES,426000,482500,505000,507500,530000,613000,625000,730000,640000,734000,780000,6.2
PAYNESVILLE,252000,251000,265000,310000,276500,290000,319500,290000,283000,300000,300000,1.8
PEARCEDALE,269500,255000,290000,318500,328000,390000,405000,427500,385000,445000,470000,5.7
PENSHURST,125000,96000,121000,118000,142500,147500,165000,83000,144000,132500,191000,4.3
PETERBOROUGH,314000,407500,350000,350000,267500,291500,410000,333000,287500,307500,296500,-0.6
PIONEER BAY,148000,157000,165500,185000,184500,235000,197500,235000,200000,220000,235000,4.7
PLENTY,328500,440000,605000,720000,715000,900000,730000,770000,721000,750000,915500,10.8
PLUMPTON,325000,0,0,315000,390000,360000,291000,482500,439000,406500,469000,3.7
POINT COOK,318000,330000,351000,369500,399000,435000,442000,435000,450000,450000,488000,4.4
POINT LONSDALE,510000,475000,482500,487500,555000,695000,653000,700000,700000,710000,690000,3.1
POREPUNKAH,230000,278000,310000,260000,257500,320000,276000,285000,347000,285000,326000,3.5
PORT FAIRY,292500,300000,345000,294000,331500,392000,382500,410000,400000,427500,450000,4.4
PORT MELBOURNE,582500,630000,787500,763500,845000,912500,867500,935000,1000000,1010000,1274500,8.1
PORTARLINGTON,282000,286000,290000,295000,345000,380000,427500,390000,391000,410000,410000,3.8
PORTLAND,178000,192000,215000,210000,195000,220000,237000,227500,235000,210000,218500,2.1
PORTLAND NORTH,135000,103500,180000,122500,225000,115000,215000,226500,300000,248000,330000,9.3
PORTSEA,900000,1002500,925000,1380000,1075000,1375000,1625000,1375000,1195000,1310000,1800000,7.2
PRAHRAN,595000,653000,780000,804000,855000,710000,833000,915000,990000,1175000,1350000,8.5
PRESTON,345000,369500,452000,465000,515000,610500,600000,580000,630000,689500,792000,8.7
PRINCES HILL,634000,645000,799000,800000,871000,1027500,967500,928500,1216500,1210000,1280000,7.3
QUARRY HILL,196500,243500,232000,250000,259000,295500,292500,300000,385000,355000,377500,6.7
QUEENSCLIFF,437500,475000,605000,525000,580000,680000,577500,697500,630000,695000,707500,4.9
RAINBOW,60000,57500,59000,64500,69000,70000,71500,69000,64500,77000,68000,1.3
RAYMOND ISLAND,235000,291500,240000,365000,242000,277500,262500,304500,297500,280000,282500,1.9
RED CLIFFS,144500,160000,146500,160000,145000,160000,170000,162500,165000,166000,175000,1.9
RED HILL,349000,388000,451000,385000,519000,615000,630000,585000,522500,650000,645000,6.3
REDAN,175000,185000,187000,190000,195000,230000,227500,237000,250000,245000,249500,3.6
RESEARCH,395500,390000,455000,508500,530000,614500,657000,622500,605500,685000,686000,5.7
RESERVOIR,291000,301500,359500,388000,426500,515000,500000,465000,510000,541000,611000,7.7
RHYLL,287500,288000,342500,295000,387500,410000,410000,400000,393000,482000,403500,3.4
RICHMOND,507000,560000,685500,690000,705000,825000,800000,807500,889000,961000,1125000,8.3
RIDDELLS CREEK,280000,270000,275000,359000,315000,379000,450000,377500,450000,435000,449000,4.8
RINGWOOD,310000,333500,382500,420000,455000,551500,505000,500000,551000,661000,782500,9.7
RINGWOOD EAST,315000,319000,380000,415000,440500,530000,520000,490000,547000,612000,750000,9.1
RINGWOOD NORTH,365000,396000,454500,440500,489000,581500,569000,564000,631500,662000,781000,7.9
RIPPLESIDE,303000,348000,402000,406500,390000,717500,510000,420000,590000,525000,582000,6.7
RIPPONLEA,494000,705000,705000,1020000,775000,1325000,830000,967500,845000,977500,1400000,11
ROBINVALE,142000,135000,180000,180000,186500,145000,138000,179000,150000,160000,181500,2.5
ROCHESTER,165000,180000,178000,184000,175000,155000,185000,210000,189500,215000,234000,3.6
ROCKBANK,197500,180000,189000,237500,215000,237000,251000,262000,330000,280000,211000,0.7
ROMSEY,235000,274500,254000,284000,302500,350000,363000,367500,387500,392000,420000,6
ROSANNA,395000,428500,526500,595000,588000,695500,727500,652500,717000,781500,915000,8.8
ROSEBUD,236000,236500,255000,290000,310000,355000,360000,350000,367000,365000,388000,5.1
ROSEBUD SOUTH,278500,293000,299500,370000,347500,420000,460000,450000,425000,500000,514500,6.3
ROSEBUD WEST,237000,233000,271000,293000,305000,355000,372500,330000,350000,365000,390000,5.1
ROSEDALE,165000,130000,160000,174500,165000,185000,189000,209000,215000,210000,175000,0.6
ROWVILLE,341500,360000,403500,439500,467000,537500,527000,530000,569000,617500,710000,7.6
ROXBURGH PARK,275000,277000,280000,295000,340000,371000,360000,355000,365000,380000,404000,3.9
RUPANYUP,88000,68000,77000,75000,54500,129000,100000,127000,75000,105000,50000,-5.5
RUSHWORTH,130000,143000,153500,151500,150000,147500,155000,190000,161000,158000,177000,3.1
RUTHERGLEN,179000,200000,195000,201500,176000,175000,207000,235000,239000,195000,228500,2.5
RYE,275000,285000,330000,357500,380000,435500,440000,422000,425000,460000,489000,5.9
SAFETY BEACH,400000,385000,412500,446000,406500,495000,553000,550000,515000,522500,585000,3.9
SAILORS GULLY,182500,180000,165000,210500,192500,213500,265000,257500,253000,262500,235000,2.6
SALE,199000,210000,230000,253000,250000,275000,291500,273500,290000,300000,299500,4.2
SAN REMO,315000,285000,385000,352000,362000,445000,411000,402500,410000,407000,420000,2.9
SANCTUARY LAKES,399000,416000,418000,480000,456500,470000,475000,512500,480000,439000,482000,1.9
SANDHURST,295000,300000,450000,521000,353500,440000,504500,510000,545000,548500,619000,7.7
SANDRINGHAM,722500,811000,926000,1040000,1027000,1200000,1102000,1090000,1182500,1305000,1490000,7.5
SANDY POINT,252500,320000,275000,288500,300000,338000,375000,355000,352500,380000,370000,3.9
SASSAFRAS,318500,318000,360000,450000,427500,507000,497500,397500,632500,556000,562000,5.8
SCORESBY,280000,297000,347000,370000,396000,488000,472000,480500,510000,570000,660000,9
SEA LAKE,65000,84500,73000,77000,65000,62500,112000,65000,80000,75000,95000,3.9
SEABROOK,260000,266000,295000,322000,350000,415000,407500,403500,422500,400000,456000,5.8
SEAFORD,250500,272000,317000,333500,355000,412500,410000,392500,418500,450000,470000,6.5
SEAHOLME,370500,411500,436500,515000,663000,565000,630000,600000,641000,670000,815000,8.2
SEASPRAY,141500,130000,150000,180000,145000,239000,165000,192500,152000,164000,240000,5.4
SEBASTOPOL,182000,180000,186500,200000,212000,226000,228000,240000,241000,235500,243000,2.9
SEDDON,353000,376000,471000,509000,515000,645500,620500,670000,675000,730000,835000,9
SELBY,270000,300000,300500,309000,385000,407000,421500,410000,420000,445000,469500,5.7
SEVILLE,253000,255000,283000,308500,335500,385000,378000,380000,400000,397500,450000,5.9
SEVILLE EAST,215000,248500,238000,255000,317500,342500,364500,342500,339500,350000,395000,6.3
SEYMOUR,165000,185000,180000,185000,185000,215000,190000,220000,220000,213000,223500,3.1
SHEPPARTON,210000,233500,231000,231000,229000,251000,242500,240000,246500,243000,250000,1.8
SHOREHAM,402500,510000,760000,555000,652000,572000,585000,618000,607000,620000,886500,8.2
SILVAN,235500,284500,332000,470000,310000,403500,361000,417000,446500,415000,480000,7.4
SILVERLEAVES,350000,396000,373000,360000,390000,497500,500000,505000,508000,460500,484000,3.3
SKENES CREEK,345000,460000,330000,360000,450000,500000,370000,532500,465000,435000,482500,3.4
SKYE,262500,280000,289000,320000,330000,370000,385000,390000,395000,413000,428500,5
SMITHS BEACH,338000,280000,355000,350000,325000,442500,380000,430000,372500,390000,450000,2.9
SOLDIERS HILL,195500,222000,220000,221000,227500,265500,277000,292500,283000,341000,310000,4.7
SOMERS,388500,380000,435000,430500,497500,615000,615000,692500,660000,760000,696500,6
SOMERVILLE,238000,257000,265000,300000,325500,370000,373500,361000,385000,397500,425000,6
SORRENTO,590000,580000,655000,745000,680000,850000,900000,730000,770000,795000,859000,3.8
SOUTH DUDLEY,187000,156500,190000,216000,210000,235500,230000,216500,192000,191000,197500,0.5
SOUTH GEELONG,255500,297500,301500,310000,384500,420000,382500,430000,420500,470000,436000,5.5
SOUTH KINGSVILLE,340000,395000,442000,495000,509000,635500,610000,635000,619000,671000,742000,8.1
SOUTH MELBOURNE,648000,604000,751500,822500,918500,759500,615000,910000,1027500,1200000,1280000,7
SOUTH MORANG,318000,327000,325000,341500,362500,410000,410000,420000,415000,420000,450000,3.5
SOUTH YARRA,791000,835000,957500,905500,1100000,750000,935000,836500,1165000,1412500,1700000,8
SPOTSWOOD,342000,391000,501000,500000,507000,635000,602500,640000,680000,640000,804000,8.9
SPRING GULLY,247500,246000,235000,247500,295500,294000,320000,340000,345000,350000,350000,3.5
SPRINGVALE,245000,270000,303000,360000,407500,490000,470000,446500,450500,530000,642500,10.1
SPRINGVALE SOUTH,270000,270500,300000,346500,371000,450500,420000,408000,430000,475000,562000,7.6
ST ALBANS,220000,217000,240000,278000,310000,385000,388000,348000,350000,374500,427000,6.9
ST ALBANS PARK,228000,235000,244500,250000,266000,298000,310000,307500,335000,330000,329000,3.7
ST ANDREWS BEACH,310000,352500,393500,408000,522500,495000,550000,714000,480000,495000,550000,5.9
ST ARNAUD,102500,107000,104000,120000,125000,135000,125000,123000,140000,145000,141000,3.2
ST HELENA,411000,445000,415000,493000,490500,562000,570000,556000,612500,623000,711000,5.6
ST KILDA,550000,620000,755000,810000,804500,690500,746000,840000,655000,1212500,1155000,7.7
ST KILDA EAST,557500,642000,856000,837500,857000,1000000,962500,993000,1050500,1050000,1367500,9.4
ST KILDA WEST,795000,1036000,1085000,1132500,1360000,1925000,1700000,1262500,1142500,2235000,1955500,9.4
ST LEONARDS,249000,270000,259000,290000,285000,350000,389000,363000,350000,362500,375000,4.2
STANHOPE,116000,121000,165000,126500,133000,160000,152000,175000,150000,131000,152500,2.8
STAWELL,138000,145500,143500,143000,145000,155000,147000,167000,162500,172500,177000,2.5
STRATFORD,175000,171500,210000,185000,230000,207500,242500,267500,230000,261500,260500,4.1
STRATHDALE,260000,253500,260000,266000,295000,330000,369500,361000,392500,380000,410500,4.7
STRATHFIELDSAYE,272500,285000,285000,276500,305000,357000,370000,359000,377000,397500,406500,4.1
STRATHMERTON,90000,151000,182500,125000,150000,165000,107500,164500,166000,172500,185000,7.5
STRATHMORE,525000,510000,590000,715000,738000,870000,812500,800000,825000,870000,992500,6.6
STRATHMORE HEIGHTS,382500,348000,420000,435000,466500,598500,700000,605000,621000,640000,712500,6.4
STUDFIELD,291000,315500,380000,410000,428500,515500,472000,480500,535000,617500,781000,10.4
SUNBURY,244000,243000,255000,261000,297000,343000,360000,350000,354000,360000,370000,4.2
SUNDERLAND BAY,212500,253500,273000,267500,257000,315000,280000,265000,324500,337000,287000,3.1
SUNSET STRIP,208000,222000,209000,231000,250000,286000,286500,286500,301500,310000,300000,3.7
SUNSHINE,240000,242000,302500,340000,388000,455000,430000,400000,435000,479000,537500,8.4
SUNSHINE NORTH,230000,233500,257000,320000,360000,425000,417500,396500,400000,425500,500000,8.1
SUNSHINE WEST,235000,241000,258000,300000,344000,400000,393000,375000,379000,391000,470000,7.2
SURF BEACH,225000,253000,250000,271000,289000,332000,350000,350000,375000,360000,355000,4.7
SURREY HILLS,650000,715000,990000,930000,1007500,1200000,1210000,1121500,1323000,1442500,1750000,10.4
SWAN HILL,193500,210000,207000,210000,235500,230000,225000,225000,225000,230000,248500,2.5
SYDENHAM,266500,275000,300000,315000,366500,388000,420000,415000,425000,415000,442000,5.2
SYNDAL,465000,486000,650000,693000,760000,860500,850000,784000,950000,1160000,1525000,12.6
TALLANGATTA,160000,164500,199500,165000,181000,186000,175000,185000,154000,200000,233000,3.8
TANGAMBALANGA,225000,257500,230000,235000,220000,245000,235000,177500,272500,253000,215000,-0.5
TARNEIT,272500,278000,292000,298000,325000,360000,369000,356000,371000,395000,400000,3.9
TATURA,183500,201000,199000,200000,195000,220000,215000,229500,222500,237500,233000,2.4
TAWONGA SOUTH,167000,213000,242000,242500,245000,216000,230000,255000,219500,235000,255000,4.3
TAYLORS HILL,290000,304500,317500,345500,375500,425000,420000,480000,487500,510000,530000,6.2
TAYLORS LAKES,320000,331500,350000,395000,420000,467500,500000,477500,489000,510000,572500,6
TECOMA,276500,282500,320000,368000,375000,400000,427500,412000,415000,478000,510000,6.3
TEMPLESTOWE,495000,555000,636000,700000,722500,803500,802000,811000,865000,950000,1138000,8.7
TEMPLESTOWE LOWER,422000,437000,552000,585000,630000,726000,711000,669000,750000,827000,1044000,9.5
TERANG,153500,180000,155000,163000,153500,179000,160000,155000,161500,195000,206500,3
THE BASIN,265000,280500,327000,340000,370000,430000,400000,410000,430000,464500,550000,7.6
THE PATCH,310000,312500,310000,415000,390000,437500,470000,417500,407000,486500,505000,5
THOMASTOWN,256000,260500,280000,323000,350000,416000,400000,364500,390000,419000,436000,5.5
THOMSON (GEELONG),184500,185000,199500,205000,215000,280000,281500,275000,281000,290000,289000,4.6
THORNBURY,396500,439000,546000,570000,602500,715500,685000,712500,729000,840000,920000,8.8
TIMBOON,160000,258000,216500,163500,202500,187000,211500,212500,184000,210000,240000,4.1
TONGALA,142000,152000,165000,179000,158500,157000,154000,175000,185000,179000,157500,1
TOONGABBIE,135500,159500,185000,196000,221000,260000,230000,212500,234000,261500,235000,5.7
TOORA,162500,177500,165000,150000,155000,175000,220000,210000,165000,155000,235000,3.8
TOORADIN,225000,265000,250000,308500,320000,420000,365000,380000,420000,480000,472000,7.7
TOORAK,1750000,2141500,2615000,2610000,2710000,2525000,2610000,2852500,2875000,3325000,3850000,8.2
TOOTGAROOK,230000,248500,275000,311500,315000,370000,373500,390000,387000,402500,402500,5.8
TORQUAY,380000,390000,440000,492000,475000,532500,561500,565000,580000,581500,625000,5.1
TRAFALGAR,178000,181000,210000,205500,216000,247500,280000,285000,283000,311000,310000,5.7
TRARALGON,180000,194500,215000,225000,230000,256500,270000,260000,269500,275000,272500,4.2
TRARALGON EAST,289000,298500,320000,337500,380000,388000,405000,400000,435000,440000,432500,4.1
TRAVANCORE,460000,650000,610000,468500,640000,625000,525000,810000,905000,848000,1000000,8.1
TRENTHAM,200000,240000,216000,245000,237500,300000,287000,331500,407500,340000,422500,7.8
TRUGANINA,286000,275000,279000,301000,320000,345000,350000,341000,360000,390000,400000,3.4
TULLAMARINE,262500,265000,290000,332500,380000,440000,420000,393500,395000,413500,470000,6
TUNGAMAH,117500,117500,155000,150000,124000,125000,135000,86000,89000,140000,117500,0
TYABB,220000,240000,270000,270000,291500,346000,350000,372500,370500,367500,395000,6
UPPER FERNTREE GULLY,275000,294000,324500,365000,350000,427500,400000,408500,437500,500000,515000,6.5
UPWEY,270000,305000,338000,345000,380500,415500,415000,422500,422500,476000,515000,6.7
VENTNOR,282500,272500,340000,365000,383500,380000,365000,386500,370000,377500,425000,4.2
VENUS BAY,204000,190000,200000,217000,238000,239000,265500,238500,242500,237000,235000,1.4
VERMONT,347000,360000,455500,455500,520000,610000,553000,571000,610000,725000,855000,9.4
VERMONT SOUTH,401000,437000,530500,570000,590000,694500,672500,654500,722500,815000,1005500,9.6
VIEWBANK,403500,411500,456000,484000,520500,625000,603500,589000,632000,725000,820000,7.3
VIOLET TOWN,155000,150000,132500,175000,180000,172500,170000,204500,215000,199500,199000,2.5
WAHGUNYAH,170000,200000,188500,200000,190000,245000,190000,244000,190000,213500,267000,4.6
WALLAN,242000,262000,260000,269000,288000,330000,350000,336500,342500,360000,360000,4.1
WALLAN EAST,219000,225000,240000,225000,230000,290000,305000,315000,312500,306000,310000,3.5
WANDANA HEIGHTS,383500,406000,390000,470000,460000,540000,592500,557500,540000,582000,590000,4.4
WANDIN NORTH,230000,256000,284000,284500,335000,410000,380500,380000,406500,439500,476500,7.6
WANGARATTA,200000,215000,220500,215000,228000,240000,242500,240000,240000,255000,272000,3.1
WANTIRNA,320000,335000,405000,430000,455500,544500,528000,515000,575500,667500,791000,9.5
WANTIRNA SOUTH,358500,376000,453500,486000,533000,571000,580000,542500,579000,739000,900000,9.6
WARBURTON,205000,228500,241000,250000,259000,300000,315000,300000,310000,315000,325000,4.7
WARNEET,222500,247500,221000,223500,275000,332500,295000,284000,337000,355000,395000,5.9
WARRACKNABEAL,81000,85000,84000,97000,90000,88000,115000,105000,107500,110000,109500,3.1
WARRAGUL,218000,225000,245500,241500,247500,280000,295000,300000,315000,320000,307000,3.5
WARRANDYTE,391500,445000,519000,533000,575000,635000,663500,620000,640000,764000,829000,7.8
WARRANWOOD,415000,450000,495000,525000,555000,636500,632500,654000,603000,665000,786000,6.6
WARRNAMBOOL,254000,270000,279000,295000,295000,320000,320000,316000,325000,323000,330000,2.7
WATERWAYS,493000,394500,525000,580000,535000,608000,688000,682000,667000,845000,902000,6.2
WATSONIA,295000,305000,346000,400000,431000,505000,500000,458500,505000,555000,615000,7.6
WATSONIA NORTH,302500,335500,374000,395000,435000,529000,470500,462000,510000,572500,630500,7.6
WATTLE GLEN,345000,352500,381000,440000,450000,490000,569500,527000,475000,500000,569000,5.1
WAURN PONDS,335000,329000,352500,375000,372500,435000,421000,452500,446500,470000,480000,3.7
WEDDERBURN,80000,105000,125000,95000,70000,140000,123000,122500,149000,135000,95000,1.7
WENDOUREE,190000,187000,195000,196000,205000,230000,235000,236500,243500,247000,250000,2.8
WENDOUREE WEST,135000,136500,153500,125000,163500,186000,166000,167500,200500,165000,207500,4.4
WERRIBEE,210000,219000,221000,240000,263500,308000,315000,300000,309000,315000,338000,4.9
WERRIBEE SOUTH,390000,326500,375000,347000,420000,419000,455500,440000,538000,600000,665000,5.5
WESBURN,205000,212000,260000,260000,278000,330000,327000,290000,312500,288500,395000,6.8
WEST FOOTSCRAY,301500,321000,395000,433500,473500,558500,515000,527500,545000,632500,707000,8.9
WEST MELBOURNE,400000,518000,570000,560000,730000,804500,590500,620000,840000,971500,1005000,9.7
WEST WODONGA,250000,270000,269000,255000,265000,281500,275000,268500,272500,296000,305000,2
WESTALL,292500,300000,410000,429000,410000,480000,470000,475500,515000,563000,640000,8.1
WESTGARTH,492500,495000,655000,643000,765000,891500,951000,825000,920000,1100000,1282500,10
WESTMEADOWS,275000,271500,266500,295000,345000,410000,397500,377500,388500,419000,447500,5
WHEELERS HILL,400000,422500,520000,545500,615000,686500,650000,667500,740000,803500,1000000,9.6
WHITE HILLS,197000,203500,211000,202500,220000,255000,265000,273000,280000,312500,295500,4.1
WHITTINGTON,194000,178000,190000,210000,207500,245000,265000,252000,259000,262000,280000,3.7
WHITTLESEA,290000,283500,300000,318000,330000,345000,371500,365000,375000,376000,400000,3.3
WILLIAMS LANDING,290000,346000,328000,329000,355000,367500,371000,450000,470000,450000,524000,6.1
WILLIAMSTOWN,625000,595000,750000,749000,800000,884000,895000,910000,913000,970000,1120000,6
WILLIAMSTOWN NORTH,409000,441500,521000,498500,500000,680000,839000,680000,680000,792000,850000,7.6
WIMBLEDON HEIGHTS,187500,210000,266000,252500,260000,299000,259000,290000,271500,310000,291500,4.5
WINCHELSEA,198000,210000,175000,196000,206000,235000,260000,268500,287000,287500,262000,2.8
WINDSOR,489000,585000,727500,731500,779500,856000,822000,815500,825000,961000,1113000,8.6
WINTER VALLEY,331000,260000,270000,284000,276000,325000,325000,353500,340000,340500,365000,1
WODONGA,226000,245000,239500,242000,240000,262000,277500,255500,283000,295000,295000,2.7
WOLLERT,0,0,0,0,403000,425000,450000,410000,400000,395000,438000,NA
WONGA PARK,450000,434000,500500,505000,667000,620000,672500,622500,674500,675000,735000,5
WONTHAGGI,190000,198000,220000,227500,250000,275000,261500,229000,231000,253000,260000,3.2
WOODEND,256000,308000,325000,339000,339000,480000,477500,430000,470000,455000,492500,6.8
WOOLAMAI WATERS,225000,240000,251000,271000,280000,342500,350000,347500,349500,383000,340000,4.2
WOORI YALLOCK,198000,210000,219000,257000,278000,300000,312000,315000,330000,317000,359500,6.1
WURRUK,170000,166500,179000,225000,223000,175500,216500,235000,285000,222000,237500,3.4
WY YUNG,395000,252500,270000,280000,269000,289000,288500,325000,283000,285000,290000,-3
WYCHEPROOF,56000,100000,102500,91000,115000,86000,86000,96500,95000,103000,108000,6.8
WYE RIVER,391000,510000,520000,454000,635000,760000,680000,557500,813000,646500,517000,2.8
WYNDHAM VALE,195000,212000,215000,233000,260000,298000,290000,287000,288500,305000,325000,5.2
YACKANDANDAH,233000,270000,229000,220000,225000,289000,295000,272500,327500,318000,300000,2.6
YALLAMBIE,335000,345500,371000,410000,442500,507000,506000,471000,532500,580000,665000,7.1
YALLOURN NORTH,98500,96000,118500,125000,120000,145000,139000,161000,135000,145000,153500,4.5
YARRA GLEN,273500,290000,320000,315000,365000,415000,430000,395000,420000,460000,515000,6.5
YARRA JUNCTION,212500,285000,242000,308500,284000,350000,370000,397000,403000,352000,417500,7
YARRAGON,185000,166500,197000,185000,196500,206000,255000,266000,258000,303500,272000,3.9
YARRAM,160000,180000,172000,178500,180000,166000,201000,215000,190000,202500,245000,4.4
YARRAVILLE,365000,385000,490000,510000,541000,644000,610000,607000,692500,715500,816000,8.4
YARRAWONGA,251000,258500,268500,273000,277500,297000,267500,300000,305000,297000,300000,1.8
YEA,208000,220000,213000,225000,217000,240000,270000,255000,257500,255000,262500,2.4
YINNAR,155000,150000,167500,197500,183000,280500,208000,221500,220000,240000,182500,1.6
